13/11/2019 23:53:21,Selling,"Alder","BREW_FAST_MINOR","Squach","Sasquatch Hunt Lobby",1,450.00,20
13/11/2019 23:53:23,Selling,"Alder","BREW_REVIVAL_BASE","N.G.D.R","THE DAY OF DOOM:#red:SDAY",55,45.00,1
13/11/2019 23:53:23,Selling,"Alder","BREW_REVIVAL_BASE","N.G.D.R","Lake :#red:Of shadow",13,45.00,1
13/11/2019 23:53:23,Selling,"Alder","BREW_REVIVAL_BASE","Squach","Sasquatch Hunt Lobby",234,60.00,20
13/11/2019 23:53:23,Selling,"Alder","BREW_REVIVAL_BASE","A.I",":#vividmoss:Snake Mountain",91,60.00,0
13/11/2019 23:53:23,Selling,"Alder","BREW_STRENGTH_GREATER","","Pinkish 11",300,96.00,4
13/11/2019 23:53:23,Selling,"Alder","BREW_STRENGTH_GREATER","","Beta",1,250.00,1
13/11/2019 23:53:25,Selling,"Alder","BREW_STRENGTH_MEGA","","Pinkish 11",119,186.00,4
13/11/2019 23:53:25,Selling,"Alder","BREW_STRENGTH_MEGA","Reaper","DirtyMAYO ",1161,200.00,5
13/11/2019 23:53:25,Selling,"Alder","BREW_STRENGTH_MEGA","ADULT",":#ff7c02:Baby's First Beacon",50,250.00,2
13/11/2019 23:53:25,Selling,"Alder","BREW_STRENGTH_MEGA","Squach","Sasquatch Hunt Lobby",1,500.00,20
13/11/2019 23:53:28,Selling,"Alder","BUCKET_EMPTY_BASE","Thunder","Mathark",75,5.00,11
13/11/2019 23:53:28,Selling,"Alder","BUCKET_EMPTY_BASE","","Spud's Ranch",10,8.00,1
13/11/2019 23:53:28,Selling,"Alder","BUCKET_EMPTY_BASE","Fire",":#941e94:! Shabangbang !",5233,2000.00,1
13/11/2019 23:53:29,Selling,"Alder","BUCKET_MILK_BASE","Thunder","Mathark",498,25.00,11
13/11/2019 23:53:29,Selling,"Alder","BUCKET_MILK_BASE","Fire",":#941e94:! Shabangbang !",5374,2000.00,1
13/11/2019 23:53:29,Selling,"Alder","BUCKET_MILK_BASE","Fire","Stocker Club",248,55555.00,6
13/11/2019 23:53:30,Selling,"Alder","BUCKET_MILK_FORTIFIED","Thunder","Mathark",15,45.00,11
13/11/2019 23:53:30,Selling,"Alder","BUCKET_MILK_FORTIFIED","Fire",":#941e94:! Shabangbang !",681,2000.00,1
13/11/2019 23:53:31,Selling,"Alder","BUCKET_MILK_PURIFIED","Thunder","Mathark",374,35.00,11
13/11/2019 23:53:31,Selling,"Alder","BUCKET_MILK_PURIFIED","Fire",":#941e94:! Shabangbang !",2276,2000.00,1
13/11/2019 23:53:32,Selling,"Alder","BUCKET_WATER_BASE","Thunder","Mathark",98,7.00,11
13/11/2019 23:53:32,Selling,"Alder","BUCKET_WATER_BASE","Fire",":#941e94:! Shabangbang !",861,2000.00,1
13/11/2019 23:53:33,Selling,"Alder","BUCKET_WATER_FORTIFIED","Thunder","Mathark",75,25.00,11
13/11/2019 23:53:33,Selling,"Alder","BUCKET_WATER_FORTIFIED","Fire",":#941e94:! Shabangbang !",173,2000.00,1
13/11/2019 23:53:33,Selling,"Alder","BUCKET_WATER_FORTIFIED","Fire","Stocker Club",178,55555.00,6
13/11/2019 23:53:34,Selling,"Alder","BUCKET_WATER_PURIFIED","Thunder","Mathark",21,15.00,11
13/11/2019 23:53:34,Selling,"Alder","BUCKET_WATER_PURIFIED","Fire",":#941e94:! Shabangbang !",1166,2000.00,1
13/11/2019 23:53:35,Selling,"Alder","COAL_DEFAULT_COMPACT","PxR","Awesomevilletown",73,60.00,16
13/11/2019 23:53:35,Selling,"Alder","COAL_DEFAULT_COMPACT","","Kyoto Region",471,150.00,2
13/11/2019 23:53:35,Selling,"Alder","COAL_DEFAULT_COMPACT","Fire",":#941e94:! Shabangbang !",8,5000.00,1
13/11/2019 23:53:36,Selling,"Alder","COAL_DEFAULT_ENRICHED","Fire","Stocker Club",51,300.00,6
13/11/2019 23:53:37,Selling,"Alder","COAL_HARD_COMPACT","PxR","Awesomevilletown",100,130.00,16
13/11/2019 23:53:37,Selling,"Alder","COAL_HARD_COMPACT","D.I.","Damaged Industries",18,150.00,0
13/11/2019 23:53:37,Selling,"Alder","COAL_HARD_COMPACT","","Kyoto Region",48,250.00,2
13/11/2019 23:53:37,Selling,"Alder","COAL_HARD_COMPACT","Fire",":#941e94:! Shabangbang !",1,2000.00,1
13/11/2019 23:53:37,Buying,"Alder","COAL_HARD_COMPACT","ADULT",":#2098E1:Storm's Pulse Keep",14400,0.00,0
13/11/2019 23:53:38,Selling,"Alder","COAL_HARD_ENRICHED","Fire","Stocker Club",141,400.00,6
13/11/2019 23:53:39,Selling,"Alder","COAL_SOFT_COMPACT","PxR","Awesomevilletown",30,40.00,16
13/11/2019 23:53:39,Selling,"Alder","COAL_SOFT_COMPACT","","Kyoto Region",92,90.00,2
13/11/2019 23:53:39,Selling,"Alder","COAL_SOFT_COMPACT","Fire",":#941e94:! Shabangbang !",80,5000.00,1
13/11/2019 23:53:40,Selling,"Alder","COAL_SOFT_ENRICHED","Fire","Stocker Club",29,200.00,6
13/11/2019 23:53:41,Selling,"Alder","CROPDROP_FUEL_COALINFUSED","Fire","Stocker Club",34,1200.00,6
13/11/2019 23:53:42,Selling,"Alder","CROPDROP_FUEL_COMPACT","Fire","Stocker Club",212,300.00,6
13/11/2019 23:53:42,Selling,"Alder","CROPDROP_FUEL_COMPACT","","Pinkish",73,300.00,1
13/11/2019 23:53:44,Selling,"Alder","CRYSTAL_GLEAM_BASE","Tigg's","Nobel's Myth",3554,5.00,2
13/11/2019 23:53:44,Selling,"Alder","CRYSTAL_GLEAM_BASE","PxR","Awesomevilletown",88,5.00,16
13/11/2019 23:53:44,Selling,"Alder","CRYSTAL_GLEAM_BASE","Tiggs","Tunnel Stop Shop [Alder]",1,5.00,18
13/11/2019 23:53:44,Selling,"Alder","CRYSTAL_GLEAM_BASE","Fire","Gleam Universe",331615,6.00,50
13/11/2019 23:53:44,Selling,"Alder","CRYSTAL_GLEAM_BASE","ADULT","Lorj is here",1800,6.00,1
13/11/2019 23:53:44,Selling,"Alder","CRYSTAL_GLEAM_BASE","Squach","SasquatchVille",4398,7.00,32
13/11/2019 23:53:44,Selling,"Alder","CRYSTAL_GLEAM_BASE","BNMSH","Elysian Fields ",1800,10.00,23
13/11/2019 23:53:44,Selling,"Alder","CRYSTAL_GLEAM_BASE","Squach","Sasquatchville",598,10.00,24
13/11/2019 23:53:44,Selling,"Alder","CRYSTAL_GLEAM_BASE","","Ashen Berry",17,15.00,1
13/11/2019 23:53:44,Selling,"Alder","CRYSTAL_GLEAM_BASE","HOO","Stardust",2600,50.00,2
13/11/2019 23:53:44,Selling,"Alder","CRYSTAL_GLEAM_BASE","Squach","Triple Trouble ",314,75.00,36
13/11/2019 23:53:44,Selling,"Alder","CRYSTAL_GLEAM_BASE","Thunder","Mathark",8494,85.00,11
13/11/2019 23:53:44,Selling,"Alder","CRYSTAL_GLEAM_BASE","Fire",":#941e94:! Shabangbang !",2911,2000.00,1
13/11/2019 23:53:44,Selling,"Alder","CRYSTAL_GLEAM_BASE","Fire","Stocker Club",45512,55555.00,6
13/11/2019 23:53:44,Selling,"Alder","CRYSTAL_GLEAM_BASE","A.I","Sempi's Section",27936,100000000.00,0
13/11/2019 23:53:44,Buying,"Alder","CRYSTAL_GLEAM_BASE","Thunder","Mathark",46,15.00,11
13/11/2019 23:53:44,Buying,"Alder","CRYSTAL_GLEAM_BASE","Tiggs","Tunnel Stop Shop [Alder]",14398,5.00,18
13/11/2019 23:53:44,Buying,"Alder","CRYSTAL_GLEAM_BASE","Fire","Fireborne Temple",4800,1.00,0
13/11/2019 23:53:45,Selling,"Alder","CRYSTAL_GLEAM_LANTERN","Thunder","Mathark",274,95.00,11
13/11/2019 23:53:45,Selling,"Alder","CRYSTAL_GLEAM_LANTERN","Tigg's","Nobel's Myth",5775,110.00,2
13/11/2019 23:53:45,Selling,"Alder","CRYSTAL_GLEAM_LANTERN","Fire","Gleam Universe",2255,110.00,50
13/11/2019 23:53:46,Selling,"Alder","CRYSTAL_GLEAM_REFINED","Thunder","Mathark",359,5.00,11
13/11/2019 23:53:46,Selling,"Alder","CRYSTAL_GLEAM_REFINED","Taveren","The queens blessing",9,5.00,1
13/11/2019 23:53:46,Selling,"Alder","CRYSTAL_GLEAM_REFINED","Fire","Gleam Universe",237379,6.00,50
13/11/2019 23:53:46,Selling,"Alder","CRYSTAL_GLEAM_REFINED","Squach","SasquatchVille",64,6.00,32
13/11/2019 23:53:46,Selling,"Alder","CRYSTAL_GLEAM_REFINED","Squach","Sasquatchville Embassy",700,7.00,0
13/11/2019 23:53:46,Selling,"Alder","CRYSTAL_GLEAM_REFINED","PxR","Awesomevilletown",6,7.00,16
13/11/2019 23:53:46,Selling,"Alder","CRYSTAL_GLEAM_REFINED","COOL","Coolabah Furniture Co. Showroom",62,40.00,0
13/11/2019 23:53:46,Selling,"Alder","CRYSTAL_GLEAM_REFINED","Fire",":#941e94:! Shabangbang !",14292,2000.00,1
13/11/2019 23:53:46,Selling,"Alder","CRYSTAL_GLEAM_REFINED","Fire","Stocker Club",8601,5555.00,6
13/11/2019 23:53:47,Selling,"Alder","DARKGLASS_DEFAULT_BASE","Fire","Stocker Club",14400,5555.00,6
13/11/2019 23:53:47,Selling,"Alder","DARKGLASS_DEFAULT_BASE","Fire",":#941e94:! Shabangbang !",712,22222220.00,1
13/11/2019 23:53:48,Buying,"Alder","DARKGLASS_DEFAULT_BASE","Fire","Stocker Club",28800,1.00,6
13/11/2019 23:53:48,Selling,"Alder","ESSENCE_VITAL_ANCIENT","","Pinkish",9904,8.00,1
13/11/2019 23:53:48,Selling,"Alder","ESSENCE_VITAL_ANCIENT","Fire",":#941e94:! Shabangbang !",4260,2000.00,1
13/11/2019 23:53:48,Selling,"Alder","ESSENCE_VITAL_ANCIENT","Fire","Stocker Club",14189,55555.00,6
13/11/2019 23:53:48,Selling,"Alder","ESSENCE_VITAL_ANCIENT","","The Lonely Lodge",68800,100000000.00,2
13/11/2019 23:53:49,Buying,"Alder","ESSENCE_VITAL_ANCIENT","ADULT","Bangtan Market & Forge",900,3.00,14
13/11/2019 23:53:49,Selling,"Alder","ESSENCE_VITAL_FRESH","Squach","SasquatchVille",42019,3.50,32
13/11/2019 23:53:49,Selling,"Alder","ESSENCE_VITAL_FRESH","ADULT","The Smellowship",21600,3.50,4
13/11/2019 23:53:49,Selling,"Alder","ESSENCE_VITAL_FRESH","ADULT","Bangtan Market & Forge",2034,3.50,14
13/11/2019 23:53:49,Selling,"Alder","ESSENCE_VITAL_FRESH","","Pinkish",4101,4.00,1
13/11/2019 23:53:49,Selling,"Alder","ESSENCE_VITAL_FRESH","Fire",":#941e94:! Shabangbang !",52384,2000.00,1
13/11/2019 23:53:49,Selling,"Alder","ESSENCE_VITAL_FRESH","Fire","Stocker Club",14400,55555.00,6
13/11/2019 23:53:49,Selling,"Alder","ESSENCE_VITAL_FRESH","A.I","The Red Bridge",15544,100000000.00,1
13/11/2019 23:53:50,Selling,"Alder","FOOD_MEAT_BASE_RAW","W.A.R.","The LAZY NOOB",30,0.00,1
13/11/2019 23:53:50,Selling,"Alder","FOOD_MEAT_BASE_RAW","HOO","Stardust",3226,1.00,2
13/11/2019 23:53:50,Selling,"Alder","FOOD_MEAT_BASE_RAW","","Pinkish",800,1.00,1
13/11/2019 23:53:50,Selling,"Alder","FOOD_MEAT_BASE_RAW","TJF","Home sweet home ",29,1.00,2
13/11/2019 23:53:50,Selling,"Alder","FOOD_MEAT_BASE_RAW","Fire","Stocker Club",3480,2.00,6
13/11/2019 23:53:50,Selling,"Alder","FOOD_MEAT_BASE_RAW","PxR","Awesomevilletown",2904,2.00,16
13/11/2019 23:53:50,Selling,"Alder","FOOD_MEAT_BASE_RAW","[PS]","The Bat Cave",900,4.00,2
13/11/2019 23:53:50,Selling,"Alder","FOOD_MEAT_BASE_RAW","Fire",":#631063: ! Shoopshoop",8996,1000.00,0
13/11/2019 23:53:50,Selling,"Alder","FOOD_MEAT_BASE_RAW","Fire",":#941e94:! Shabangbang !",1040,2000.00,1
13/11/2019 23:53:50,Selling,"Alder","FOOD_MEAT_BASE_RAW","Tiggs","Tigg's Tunnels",14400,100000000.00,1
13/11/2019 23:53:50,Buying,"Alder","FOOD_MEAT_BASE_RAW","EGO",":#strongred:Lakeview Shop",8,3.00,10
13/11/2019 23:53:50,Buying,"Alder","FOOD_MEAT_BASE_RAW","KrK","",2000,2.00,1
13/11/2019 23:53:50,Buying,"Alder","FOOD_MEAT_BASE_RAW","Unyka#","",5000,1.00,1
13/11/2019 23:53:50,Buying,"Alder","FOOD_MEAT_BASE_RAW","Fire","Fireborne Temple",14400,0.00,0
13/11/2019 23:53:51,Selling,"Alder","FOOD_MEAT_LEAN_RAW","Thunder","Mathark",8,2.00,11
13/11/2019 23:53:51,Selling,"Alder","FOOD_MEAT_LEAN_RAW","Squach","Triple Trouble ",76,5.00,36
13/11/2019 23:53:51,Selling,"Alder","FOOD_MEAT_LEAN_RAW","Fire","Stocker Club",27,5.00,6
13/11/2019 23:53:51,Selling,"Alder","FOOD_MEAT_LEAN_RAW","PxR","Awesomevilletown",5,5.00,16
13/11/2019 23:53:51,Selling,"Alder","FOOD_MEAT_LEAN_RAW","","Pinkish",123,10.00,1
13/11/2019 23:53:51,Selling,"Alder","FOOD_MEAT_LEAN_RAW","HOO","Stardust",1036,77.00,2
13/11/2019 23:53:51,Selling,"Alder","FOOD_MEAT_LEAN_RAW","Fire",":#631063: ! Shoopshoop",342,1000.00,0
13/11/2019 23:53:51,Selling,"Alder","FOOD_MEAT_LEAN_RAW","Fire",":#941e94:! Shabangbang !",4410,5000.00,1
13/11/2019 23:53:51,Buying,"Alder","FOOD_MEAT_LEAN_RAW","EGO",":#strongred:Lakeview Shop",8,3.00,10
13/11/2019 23:53:51,Buying,"Alder","FOOD_MEAT_LEAN_RAW","Unyka#","",2500,2.00,1
13/11/2019 23:53:51,Buying,"Alder","FOOD_MEAT_LEAN_RAW","Fire","Fireborne Temple",14400,0.00,0
13/11/2019 23:53:52,Selling,"Alder","FOOD_MEAT_PRIME_RAW","Thunder","Mathark",291,1.00,11
13/11/2019 23:53:52,Selling,"Alder","FOOD_MEAT_PRIME_RAW","-Elder","The Guille Elders Monestary",100,1.00,0
13/11/2019 23:53:52,Selling,"Alder","FOOD_MEAT_PRIME_RAW","TJF","Home sweet home ",93,1.00,2
13/11/2019 23:53:52,Selling,"Alder","FOOD_MEAT_PRIME_RAW","HOO","Stardust",14400,2.00,2
13/11/2019 23:53:52,Selling,"Alder","FOOD_MEAT_PRIME_RAW","","Pinkish",14400,2.00,1
13/11/2019 23:53:52,Selling,"Alder","FOOD_MEAT_PRIME_RAW","BNMSH","Elysian Fields ",47,2.00,23
13/11/2019 23:53:52,Selling,"Alder","FOOD_MEAT_PRIME_RAW","Fire","Stocker Club",3447,3.00,6
13/11/2019 23:53:52,Selling,"Alder","FOOD_MEAT_PRIME_RAW","PxR","Awesomevilletown",2609,3.00,16
13/11/2019 23:53:52,Selling,"Alder","FOOD_MEAT_PRIME_RAW","Tigg's","Crissy's Home",900,5.00,1
13/11/2019 23:53:52,Selling,"Alder","FOOD_MEAT_PRIME_RAW","[PS]","The Bat Cave",400,6.00,2
13/11/2019 23:53:52,Selling,"Alder","FOOD_MEAT_PRIME_RAW","Fire",":#631063: ! Shoopshoop",10691,1000.00,0
13/11/2019 23:53:52,Selling,"Alder","FOOD_MEAT_PRIME_RAW","Fire",":#941e94:! Shabangbang !",13462,2000.00,1
13/11/2019 23:53:52,Selling,"Alder","FOOD_MEAT_PRIME_RAW","Tiggs","Tigg's Tunnels",14400,100000000.00,1
13/11/2019 23:53:52,Buying,"Alder","FOOD_MEAT_PRIME_RAW","EGO",":#strongred:Lakeview Shop",5,5.00,10
13/11/2019 23:53:52,Buying,"Alder","FOOD_MEAT_PRIME_RAW","Unyka#","",6250,0.80,1
13/11/2019 23:53:52,Buying,"Alder","FOOD_MEAT_PRIME_RAW","Fire","Fireborne Temple",14400,0.00,0
13/11/2019 23:53:52,Selling,"Alder","FOOD_STARBERRY_RAW","EGO",":#strongred:Lakeview Shop",29,0.70,10
13/11/2019 23:53:52,Selling,"Alder","FOOD_STARBERRY_RAW","Squach","Triple Trouble ",528,0.80,36
13/11/2019 23:53:52,Selling,"Alder","FOOD_STARBERRY_RAW","-Elder","The Guille Elders Monestary",78,0.80,0
13/11/2019 23:53:52,Selling,"Alder","FOOD_STARBERRY_RAW","","RED-GAR ",3,0.80,1
13/11/2019 23:53:52,Selling,"Alder","FOOD_STARBERRY_RAW","PxR","Awesomevilletown",1109,1.00,16
13/11/2019 23:53:52,Selling,"Alder","FOOD_STARBERRY_RAW","Tiggs","Tunnel Stop Shop [Alder]",131,1.00,18
13/11/2019 23:53:52,Selling,"Alder","FOOD_STARBERRY_RAW","Thunder","Mathark",131,2.00,11
13/11/2019 23:53:52,Selling,"Alder","FOOD_STARBERRY_RAW","Fire","Stocker Club",100,2.00,6
13/11/2019 23:53:52,Selling,"Alder","FOOD_STARBERRY_RAW","Fire",":#941e94:! Shabangbang !",14100,2000.00,1
13/11/2019 23:53:53,Buying,"Alder","FOOD_STARBERRY_RAW","EGO",":#strongred:Lakeview Shop",8,3.00,10
13/11/2019 23:53:53,Buying,"Alder","FOOD_STARBERRY_RAW","Tiggs","Tunnel Stop Shop [Alder]",14400,1.00,18
13/11/2019 23:53:53,Buying,"Alder","FOOD_STARBERRY_RAW","Fire","Fireborne Temple",14400,0.00,0
13/11/2019 23:53:53,Selling,"Alder","FORGE_BASE_CATALYST","Fire",":#941e94:! Shabangbang !",243,8000.00,1
13/11/2019 23:53:54,Selling,"Alder","FORGE_BASE_COMPOUND","Fire",":#941e94:! Shabangbang !",1070,8000.00,1
13/11/2019 23:53:55,Selling,"Alder","FORGE_BASE_GUM","","Kyoto Region",100,50.00,2
13/11/2019 23:53:55,Selling,"Alder","FORGE_BASE_GUM","Fire",":#941e94:! Shabangbang !",1238,2000.00,1
13/11/2019 23:53:56,Selling,"Alder","FORGE_BASE_PASTE","Fire",":#941e94:! Shabangbang !",231,8000.00,1
13/11/2019 23:53:57,Selling,"Alder","FORGE_BASE_RESIN","Fire",":#941e94:! Shabangbang !",5221,8000.00,1
13/11/2019 23:53:58,Selling,"Alder","FORGE_BASE_SOLVENT","Fire",":#941e94:! Shabangbang !",573,9000.00,1
13/11/2019 23:53:59,Selling,"Alder","FORGE_CATALYST_VIGOUR2","Fire",":#941e94:! Shabangbang !",1159,8000.00,1
13/11/2019 23:54:00,Selling,"Alder","FORGE_COMPOUND_BOON_CORRUPTED1","Fire",":#941e94:! Shabangbang !",2003,5000.00,1
13/11/2019 23:54:01,Selling,"Alder","FORGE_COMPOUND_BOON_PURE3","Fire",":#941e94:! Shabangbang !",617,15000.00,1
13/11/2019 23:54:02,Selling,"Alder","FORGE_GUM_EFFECT","Fire",":#941e94:! Shabangbang !",389,15000.00,1
13/11/2019 23:54:03,Selling,"Alder","FORGE_GUM_LIGHTNESS","Fire",":#941e94:! Shabangbang !",681,15000.00,1
13/11/2019 23:54:04,Selling,"Alder","FORGE_GUM_LONGEVITY","Fire",":#941e94:! Shabangbang !",1141,15000.00,1
13/11/2019 23:54:05,Selling,"Alder","FORGE_GUM_SPECIAL","Fire",":#941e94:! Shabangbang !",2423,15000.00,1
13/11/2019 23:54:05,Selling,"Alder","FORGE_PASTE_FATE2","Fire",":#941e94:! Shabangbang !",107,15000.00,1
13/11/2019 23:54:06,Selling,"Alder","FORGE_PASTE_PROTECTION2","Fire",":#941e94:! Shabangbang !",626,15000.00,1
13/11/2019 23:54:07,Selling,"Alder","FORGE_RESIN_DECONSTRUCTION3","Fire",":#941e94:! Shabangbang !",3148,15000.00,1
13/11/2019 23:54:09,Selling,"Alder","FORGE_RESIN_SETTING","Thunder","Mathark",400,15.00,11
13/11/2019 23:54:09,Selling,"Alder","FORGE_RESIN_SETTING","Fire",":#941e94:! Shabangbang !",1039,15000.00,1
13/11/2019 23:54:09,Selling,"Alder","GLASS_DEFAULT_BASE","Thunder","Mathark",223,4.00,11
13/11/2019 23:54:09,Selling,"Alder","GLASS_DEFAULT_BASE","","Fendrill House",100,10.00,0
13/11/2019 23:54:09,Selling,"Alder","GLASS_DEFAULT_BASE","PxR","Awesomevilletown",97,10.00,16
13/11/2019 23:54:09,Selling,"Alder","GLASS_DEFAULT_BASE","Fire",":#941e94:! Shabangbang !",559,2000.00,1
13/11/2019 23:54:09,Selling,"Alder","GLASS_DEFAULT_BASE","Fire","Stocker Club",4500,5555.00,6
13/11/2019 23:54:10,Buying,"Alder","GLASS_DEFAULT_BASE","ADULT","Bangtan Market & Forge",1800,1.00,14
13/11/2019 23:54:10,Buying,"Alder","GLASS_DEFAULT_BASE","ADULT","Diving Pool",500,1.00,0
13/11/2019 23:54:10,Selling,"Alder","ICE_DEFAULT_BASE_DUGUP","Squach","Sasquatchville",2399,1.00,7
13/11/2019 23:54:10,Selling,"Alder","ICE_DEFAULT_BASE_DUGUP","PxR","Awesomevilletown",1865,2.00,16
13/11/2019 23:54:10,Selling,"Alder","ICE_DEFAULT_BASE_DUGUP","COOL","Coolabah Furniture Co. Showroom",300,3.00,0
13/11/2019 23:54:10,Selling,"Alder","ICE_DEFAULT_BASE_DUGUP","COOL","Downtown ",188,3.00,0
13/11/2019 23:54:10,Selling,"Alder","ICE_DEFAULT_BASE_DUGUP","Thunder","Mathark",396,5.00,11
13/11/2019 23:54:10,Selling,"Alder","ICE_DEFAULT_BASE_DUGUP","Fire","Stocker Club",13099,100.00,6
13/11/2019 23:54:11,Selling,"Alder","ITEM_BAG_BAKINGPOWDER","Fire",":#941e94:! Shabangbang !",568,2000.00,1
13/11/2019 23:54:12,Selling,"Alder","ITEM_BAG_FLOUR","999","Pont alder",900,3.00,6
13/11/2019 23:54:12,Selling,"Alder","ITEM_BAG_FLOUR","Fire",":#941e94:! Shabangbang !",2613,2000.00,1
13/11/2019 23:54:12,Selling,"Alder","ITEM_BAG_FLOUR","Fire","Stocker Club",583,99999.00,6
13/11/2019 23:54:13,Selling,"Alder","ITEM_BAG_OATS","999","Pont alder",1800,2.00,6
13/11/2019 23:54:13,Selling,"Alder","ITEM_BAG_OATS","","Nacho Beacon",800,10.00,1
13/11/2019 23:54:13,Selling,"Alder","ITEM_BAG_OATS","Fire",":#941e94:! Shabangbang !",6239,2000.00,1
13/11/2019 23:54:14,Selling,"Alder","ITEM_BAG_RICE","Fire",":#941e94:! Shabangbang !",5223,2000.00,1
13/11/2019 23:54:14,Selling,"Alder","ITEM_BAG_SUGAR","Fire",":#941e94:! Shabangbang !",919,2000.00,1
13/11/2019 23:54:14,Selling,"Alder","ITEM_BAG_SUGAR","Fire","Stocker Club",1152,9999.00,6
13/11/2019 23:54:15,Selling,"Alder","ITEM_BARK_BASE","Squach","Triple Trouble ",4086,4.00,36
13/11/2019 23:54:15,Selling,"Alder","ITEM_BARK_BASE","ADULT","Bangtan Market & Forge",3600,4.00,14
13/11/2019 23:54:15,Selling,"Alder","ITEM_BARK_BASE","999","Pont alder",1800,4.00,6
13/11/2019 23:54:15,Selling,"Alder","ITEM_BARK_BASE","BNMSH","Elysian Fields ",8,5.00,23
13/11/2019 23:54:15,Selling,"Alder","ITEM_BARK_BASE","Thunder","Mathark",74,10.00,11
13/11/2019 23:54:15,Selling,"Alder","ITEM_BARK_BASE","Fire",":#941e94:! Shabangbang !",5400,2000.00,1
13/11/2019 23:54:15,Selling,"Alder","ITEM_BARK_BASE","Fire","Stocker Club",7429,55555.00,6
13/11/2019 23:54:16,Buying,"Alder","ITEM_BARK_BASE","Tigg's","Lucy's Witchery",5000,5.00,6
13/11/2019 23:54:16,Selling,"Alder","ITEM_BEACONFUEL_BASIC","Fire",":#941e94:! Shabangbang !",25,20000.00,1
13/11/2019 23:54:17,Selling,"Alder","ITEM_BEACONFUEL_GREATER","Fire",":#941e94:! Shabangbang !",30,25000.00,1
13/11/2019 23:54:18,Selling,"Alder","ITEM_BEACONFUEL_MINOR","","The nice shop",1064,10.00,3
13/11/2019 23:54:18,Selling,"Alder","ITEM_BEACONFUEL_MINOR","","Beta",22,30.00,1
13/11/2019 23:54:18,Selling,"Alder","ITEM_BEACONFUEL_MINOR","Fire",":#941e94:! Shabangbang !",11194,2500.00,1
13/11/2019 23:54:19,Selling,"Alder","ITEM_BEAN_BITTER","Squach","Triple Trouble ",90,80.00,36
13/11/2019 23:54:19,Selling,"Alder","ITEM_BEAN_BITTER","Fire",":#941e94:! Shabangbang !",147,5000.00,1
13/11/2019 23:54:19,Buying,"Alder","ITEM_BEAN_BITTER","Reaper","The  Tower of Power",513,50.00,10
13/11/2019 23:54:19,Buying,"Alder","ITEM_BEAN_BITTER","ADULT","Bangtan Market & Forge",284,50.00,14
13/11/2019 23:54:20,Selling,"Alder","ITEM_BEAN_SPICY","Taveren","The queens blessing",1,10.00,1
13/11/2019 23:54:20,Selling,"Alder","ITEM_BEAN_SPICY","Squach","Triple Trouble ",51,25.00,36
13/11/2019 23:54:20,Selling,"Alder","ITEM_BEAN_SPICY","PxR","Awesomevilletown",375,27.00,16
13/11/2019 23:54:20,Selling,"Alder","ITEM_BEAN_SPICY","Fire",":#941e94:! Shabangbang !",2249,5000.00,1
13/11/2019 23:54:20,Buying,"Alder","ITEM_BEAN_SPICY","Reaper","The  Tower of Power",1253,23.00,10
13/11/2019 23:54:20,Buying,"Alder","ITEM_BEAN_SPICY","ADULT","Bangtan Market & Forge",812,21.00,14
13/11/2019 23:54:20,Buying,"Alder","ITEM_BEAN_SPICY","999","Pont alder",681,20.00,6
13/11/2019 23:54:21,Selling,"Alder","ITEM_BEAN_SWEET","Squach","Triple Trouble ",100,33.00,36
13/11/2019 23:54:21,Selling,"Alder","ITEM_BEAN_SWEET","PxR","Awesomevilletown",140,35.00,16
13/11/2019 23:54:21,Selling,"Alder","ITEM_BEAN_SWEET","Fire",":#941e94:! Shabangbang !",10235,5000.00,1
13/11/2019 23:54:22,Buying,"Alder","ITEM_BEAN_SWEET","Reaper","The  Tower of Power",1269,28.00,10
13/11/2019 23:54:22,Buying,"Alder","ITEM_BEAN_SWEET","Reaper","DirtyMAYO ",666,28.00,5
13/11/2019 23:54:22,Buying,"Alder","ITEM_BEAN_SWEET","Fire",":#142E8A:CanadianEh",14400,0.00,1
13/11/2019 23:54:22,Selling,"Alder","ITEM_BLOOD_FRESH","ADULT","Bangtan Market & Forge",923,3.00,14
13/11/2019 23:54:22,Selling,"Alder","ITEM_BLOOD_FRESH","PxR","Awesomevilletown",112,4.00,16
13/11/2019 23:54:22,Selling,"Alder","ITEM_BLOOD_FRESH","HOO","Stardust",3783,7.00,2
13/11/2019 23:54:22,Selling,"Alder","ITEM_BLOOD_FRESH","Fire","Stocker Club",1002,10.00,6
13/11/2019 23:54:22,Selling,"Alder","ITEM_BLOOD_FRESH","Fire",":#631063: ! Shoopshoop",10598,1000.00,0
13/11/2019 23:54:22,Selling,"Alder","ITEM_BLOOD_FRESH","Fire",":#941e94:! Shabangbang !",1055,2000.00,1
13/11/2019 23:54:22,Selling,"Alder","ITEM_BLOOD_FRESH","Tiggs","Tigg's Tunnels",14400,100000000.00,1
13/11/2019 23:54:23,Buying,"Alder","ITEM_BLOOD_FRESH","Unyka#","",528,3.50,1
13/11/2019 23:54:23,Buying,"Alder","ITEM_BLOOD_FRESH","ADULT","Bangtan Market & Forge",589,3.00,14
13/11/2019 23:54:23,Buying,"Alder","ITEM_BLOOD_FRESH","","Kyoto Region",843,1.00,2
13/11/2019 23:54:23,Selling,"Alder","ITEM_BLOOD_VISCOUS","PxR","Awesomevilletown",260,3.00,16
13/11/2019 23:54:23,Selling,"Alder","ITEM_BLOOD_VISCOUS","ADULT","The Smellowship",1,3.00,4
13/11/2019 23:54:23,Selling,"Alder","ITEM_BLOOD_VISCOUS","ADULT","Bangtan Market & Forge",1988,4.00,14
13/11/2019 23:54:23,Selling,"Alder","ITEM_BLOOD_VISCOUS","HOO","Stardust",5035,5.00,2
13/11/2019 23:54:23,Selling,"Alder","ITEM_BLOOD_VISCOUS","Fire","Stocker Club",1975,10.00,6
13/11/2019 23:54:23,Selling,"Alder","ITEM_BLOOD_VISCOUS","Fire",":#631063: ! Shoopshoop",6827,1000.00,0
13/11/2019 23:54:23,Selling,"Alder","ITEM_BLOOD_VISCOUS","Fire",":#941e94:! Shabangbang !",100,2000.00,1
13/11/2019 23:54:23,Selling,"Alder","ITEM_BLOOD_VISCOUS","Tiggs","Tigg's Tunnels",14400,100000000.00,1
13/11/2019 23:54:24,Buying,"Alder","ITEM_BLOOD_VISCOUS","Unyka#","",528,3.50,1
13/11/2019 23:54:24,Buying,"Alder","ITEM_BLOOD_VISCOUS","ADULT","Bangtan Market & Forge",1219,3.00,14
13/11/2019 23:54:24,Buying,"Alder","ITEM_BLOOD_VISCOUS","","Kyoto Region",843,1.00,2
13/11/2019 23:54:24,Selling,"Alder","ITEM_BLOOD_VOLATILE","ADULT","The Smellowship",2116,3.00,4
13/11/2019 23:54:24,Selling,"Alder","ITEM_BLOOD_VOLATILE","ADULT","Bangtan Market & Forge",719,3.00,14
13/11/2019 23:54:24,Selling,"Alder","ITEM_BLOOD_VOLATILE","","Pinkish",235,3.00,1
13/11/2019 23:54:24,Selling,"Alder","ITEM_BLOOD_VOLATILE","PxR","Awesomevilletown",152,4.00,16
13/11/2019 23:54:24,Selling,"Alder","ITEM_BLOOD_VOLATILE","HOO","Stardust",4500,5.00,2
13/11/2019 23:54:24,Selling,"Alder","ITEM_BLOOD_VOLATILE","Fire","Stocker Club",479,10.00,6
13/11/2019 23:54:24,Selling,"Alder","ITEM_BLOOD_VOLATILE","Fire",":#631063: ! Shoopshoop",7706,1000.00,0
13/11/2019 23:54:24,Selling,"Alder","ITEM_BLOOD_VOLATILE","Fire",":#941e94:! Shabangbang !",100,2000.00,1
13/11/2019 23:54:24,Selling,"Alder","ITEM_BLOOD_VOLATILE","Tiggs","Tigg's Tunnels",14400,100000000.00,1
13/11/2019 23:54:25,Buying,"Alder","ITEM_BLOOD_VOLATILE","ADULT","Bangtan Market & Forge",630,3.00,14
13/11/2019 23:54:25,Buying,"Alder","ITEM_BLOOD_VOLATILE","Unyka#","",740,2.50,1
13/11/2019 23:54:25,Buying,"Alder","ITEM_BLOOD_VOLATILE","","Kyoto Region",843,1.00,2
13/11/2019 23:54:26,Selling,"Alder","ITEM_BONDINGAGENT_BASE","Fire","Stocker Club",4,5555.00,6
13/11/2019 23:54:26,Buying,"Alder","ITEM_BONDINGAGENT_BASE","Fire","Fireborne Temple",14400,0.00,0
13/11/2019 23:54:27,Selling,"Alder","ITEM_BONDINGAGENT_ENRICHED","Fire","Stocker Club",551,5555.00,6
13/11/2019 23:54:27,Buying,"Alder","ITEM_BONDINGAGENT_ENRICHED","Fire","Fireborne Temple",14400,0.00,0
13/11/2019 23:54:28,Selling,"Alder","ITEM_BONDINGAGENT_SUPERENRICHED","Fire",":#941e94:! Shabangbang !",1467,25000.00,1
13/11/2019 23:54:28,Selling,"Alder","ITEM_BONDINGAGENT_SUPERENRICHED","Fire","Stocker Club",900,55555.00,6
13/11/2019 23:54:28,Buying,"Alder","ITEM_BONDINGAGENT_SUPERENRICHED","Fire","Fireborne Temple",14400,0.00,0
13/11/2019 23:54:29,Selling,"Alder","ITEM_CHARCOAL_BASE","ADULT","Bangtan Market & Forge",7978,1.00,14
13/11/2019 23:54:29,Selling,"Alder","ITEM_CHARCOAL_BASE","Fire","Stocker Club",900,1.00,6
13/11/2019 23:54:29,Selling,"Alder","ITEM_CHARCOAL_BASE","Squach","Triple Trouble ",100,1.00,36
13/11/2019 23:54:29,Selling,"Alder","ITEM_CHARCOAL_BASE","Thunder","Mathark",1,2.00,11
13/11/2019 23:54:29,Selling,"Alder","ITEM_CHARCOAL_BASE","Fire",":#941e94:! Shabangbang !",72000,200.00,1
13/11/2019 23:54:30,Selling,"Alder","ITEM_CLOTH_COTTON","Thunder","Mathark",97,9.00,11
13/11/2019 23:54:30,Selling,"Alder","ITEM_CLOTH_COTTON","Fire",":#941e94:! Shabangbang !",865,2000.00,1
13/11/2019 23:54:30,Buying,"Alder","ITEM_CLOTH_COTTON","PxR","Awesomevilletown",83,12.00,16
13/11/2019 23:54:31,Selling,"Alder","ITEM_CLOTH_SACK","Thunder","Mathark",43,6.00,11
13/11/2019 23:54:31,Selling,"Alder","ITEM_CLOTH_SACK","Fire",":#941e94:! Shabangbang !",5856,2000.00,1
13/11/2019 23:54:32,Selling,"Alder","ITEM_EYE_HOPPER","ADULT","Bangtan Market & Forge",21,41.00,14
13/11/2019 23:54:32,Selling,"Alder","ITEM_EYE_HOPPER","HOO","Stardust",345,66.00,2
13/11/2019 23:54:32,Selling,"Alder","ITEM_EYE_HOPPER","PxR","Awesomevilletown",720,75.00,16
13/11/2019 23:54:32,Selling,"Alder","ITEM_EYE_HOPPER","Fire","Stocker Club",658,555.00,6
13/11/2019 23:54:32,Selling,"Alder","ITEM_EYE_HOPPER","Fire",":#631063: ! Shoopshoop",1773,5000.00,0
13/11/2019 23:54:32,Selling,"Alder","ITEM_EYE_HOPPER","Fire",":#941e94:! Shabangbang !",1531,15000.00,1
13/11/2019 23:54:32,Buying,"Alder","ITEM_EYE_HOPPER","ADULT","Bangtan Market & Forge",1432,20.00,14
13/11/2019 23:54:32,Buying,"Alder","ITEM_EYE_HOPPER","Unyka#","",312,15.00,1
13/11/2019 23:54:32,Selling,"Alder","ITEM_EYE_SPITTER","HOO","Stardust",1676,20.00,2
13/11/2019 23:54:32,Selling,"Alder","ITEM_EYE_SPITTER","Squach","Sasquatchville",12436,22.00,7
13/11/2019 23:54:32,Selling,"Alder","ITEM_EYE_SPITTER","","Pinkish",1089,22.00,1
13/11/2019 23:54:33,Selling,"Alder","ITEM_EYE_SPITTER","ADULT","Bangtan Market & Forge",230,22.00,14
13/11/2019 23:54:33,Selling,"Alder","ITEM_EYE_SPITTER","","Portalis Observatory Souvenirs ",27,22.00,1
13/11/2019 23:54:33,Selling,"Alder","ITEM_EYE_SPITTER","Thunder","Mathark",1,25.00,11
13/11/2019 23:54:33,Selling,"Alder","ITEM_EYE_SPITTER","PxR","Awesomevilletown",2229,30.00,16
13/11/2019 23:54:33,Selling,"Alder","ITEM_EYE_SPITTER","Fire","Stocker Club",200,30.00,6
13/11/2019 23:54:33,Selling,"Alder","ITEM_EYE_SPITTER","","Flipper",100,30.00,1
13/11/2019 23:54:33,Selling,"Alder","ITEM_EYE_SPITTER","Fire",":#631063: ! Shoopshoop",2721,5000.00,0
13/11/2019 23:54:33,Selling,"Alder","ITEM_EYE_SPITTER","Fire",":#941e94:! Shabangbang !",10499,25000.00,1
13/11/2019 23:54:33,Buying,"Alder","ITEM_EYE_SPITTER","Squach","Sioui's Stead",2272,20.00,9
13/11/2019 23:54:33,Buying,"Alder","ITEM_EYE_SPITTER","ADULT","Bangtan Market & Forge",268,20.00,14
13/11/2019 23:54:33,Buying,"Alder","ITEM_EYE_SPITTER","Unyka#","",625,8.00,1
13/11/2019 23:54:34,Selling,"Alder","ITEM_FOSSIL_LARGE","EGO",":#strongred:Lakeview Shop",61,1500.00,10
13/11/2019 23:54:34,Selling,"Alder","ITEM_FOSSIL_LARGE","Fire",":#631063: ! Shoopshoop",24,2000.00,0
13/11/2019 23:54:34,Selling,"Alder","ITEM_FOSSIL_LARGE","Fire",":#941e94:! Shabangbang !",1586,4000.00,1
13/11/2019 23:54:34,Selling,"Alder","ITEM_FOSSIL_LARGE","Fire","Stocker Club",90,5555.00,6
13/11/2019 23:54:34,Buying,"Alder","ITEM_FOSSIL_LARGE","Fire","Stocker Club",1515,30.00,6
13/11/2019 23:54:35,Selling,"Alder","ITEM_FOSSIL_MEDIUM","Fire",":#631063: ! Shoopshoop",93,2000.00,0
13/11/2019 23:54:35,Selling,"Alder","ITEM_FOSSIL_MEDIUM","Fire",":#941e94:! Shabangbang !",9369,3000.00,1
13/11/2019 23:54:35,Selling,"Alder","ITEM_FOSSIL_MEDIUM","Fire","Stocker Club",178,55555.00,6
13/11/2019 23:54:35,Buying,"Alder","ITEM_FOSSIL_MEDIUM","999","Pont alder",1,25.00,6
13/11/2019 23:54:35,Buying,"Alder","ITEM_FOSSIL_MEDIUM","Fire","Stocker Club",1250,15.00,6
13/11/2019 23:54:36,Selling,"Alder","ITEM_FOSSIL_SMALL","TJF","TJF FIREBORN BRANCH",18,2.00,2
13/11/2019 23:54:36,Selling,"Alder","ITEM_FOSSIL_SMALL","Tiggs","Tunnel Stop Shop [Alder]",2816,5.00,18
13/11/2019 23:54:36,Selling,"Alder","ITEM_FOSSIL_SMALL","Squach","Triple Trouble ",219,5.00,36
13/11/2019 23:54:36,Selling,"Alder","ITEM_FOSSIL_SMALL","EGO",":#strongred:Lakeview Shop",100,5.00,10
13/11/2019 23:54:36,Selling,"Alder","ITEM_FOSSIL_SMALL","PxR","Awesomevilletown",14,7.00,16
13/11/2019 23:54:36,Selling,"Alder","ITEM_FOSSIL_SMALL","Fire",":#941e94:! Shabangbang !",2357,2000.00,1
13/11/2019 23:54:36,Buying,"Alder","ITEM_FOSSIL_SMALL","999","Pont alder",3,10.00,6
13/11/2019 23:54:36,Buying,"Alder","ITEM_FOSSIL_SMALL","Tiggs","Tunnel Stop Shop [Alder]",14400,5.00,18
13/11/2019 23:54:37,Selling,"Alder","ITEM_FRAGMENT_COBALT","BNMSH","Elysian Fields ",184,3.00,23
13/11/2019 23:54:37,Selling,"Alder","ITEM_FRAGMENT_COBALT","Squach","Triple Trouble ",39,4.00,36
13/11/2019 23:54:37,Selling,"Alder","ITEM_FRAGMENT_COBALT","Thunder","Mathark",18,6.00,11
13/11/2019 23:54:37,Selling,"Alder","ITEM_FRAGMENT_COBALT","PxR","Awesomevilletown",123,10.00,16
13/11/2019 23:54:37,Selling,"Alder","ITEM_FRAGMENT_COBALT","Fire","Stocker Club",101,50.00,6
13/11/2019 23:54:37,Selling,"Alder","ITEM_FRAGMENT_COBALT","Fire",":#941e94:! Shabangbang !",8739,2000.00,1
13/11/2019 23:54:38,Buying,"Alder","ITEM_FRAGMENT_COBALT","ADULT","Bangtan Market & Forge",726,3.00,14
13/11/2019 23:54:38,Buying,"Alder","ITEM_FRAGMENT_COBALT","","Beta",252,3.00,1
13/11/2019 23:54:38,Buying,"Alder","ITEM_FRAGMENT_COBALT","","Kyoto Region",1825,2.00,2
13/11/2019 23:54:38,Selling,"Alder","ITEM_GLAND_FLOATATIONSAC","ADULT","Bangtan Market & Forge",460,10.00,14
13/11/2019 23:54:38,Selling,"Alder","ITEM_GLAND_FLOATATIONSAC","PxR","Awesomevilletown",1003,12.00,16
13/11/2019 23:54:38,Selling,"Alder","ITEM_GLAND_FLOATATIONSAC","","Pinkish",160,12.00,1
13/11/2019 23:54:38,Selling,"Alder","ITEM_GLAND_FLOATATIONSAC","HOO","Stardust",3134,27.00,2
13/11/2019 23:54:38,Selling,"Alder","ITEM_GLAND_FLOATATIONSAC","Thunder","Mathark",186,30.00,11
13/11/2019 23:54:38,Selling,"Alder","ITEM_GLAND_FLOATATIONSAC","Fire","Stocker Club",165,30.00,6
13/11/2019 23:54:39,Selling,"Alder","ITEM_GLAND_FLOATATIONSAC","Fire",":#941e94:! Shabangbang !",395,2222.00,1
13/11/2019 23:54:39,Selling,"Alder","ITEM_GLAND_FLOATATIONSAC","Fire",":#631063: ! Shoopshoop",6930,5000.00,0
13/11/2019 23:54:39,Buying,"Alder","ITEM_GLAND_FLOATATIONSAC","Unyka#","",454,10.00,1
13/11/2019 23:54:39,Buying,"Alder","ITEM_GLAND_FLOATATIONSAC","ADULT","Bangtan Market & Forge",53,10.00,14
13/11/2019 23:54:40,Selling,"Alder","ITEM_GLAND_SPARKSAC","","The nice shop",3768,10.00,3
13/11/2019 23:54:40,Selling,"Alder","ITEM_GLAND_SPARKSAC","ADULT","Bangtan Market & Forge",546,12.00,14
13/11/2019 23:54:40,Selling,"Alder","ITEM_GLAND_SPARKSAC","","Pinkish",159,12.00,1
13/11/2019 23:54:40,Selling,"Alder","ITEM_GLAND_SPARKSAC","PxR","Awesomevilletown",72,12.00,16
13/11/2019 23:54:40,Selling,"Alder","ITEM_GLAND_SPARKSAC","HOO","Stardust",2101,20.00,2
13/11/2019 23:54:40,Selling,"Alder","ITEM_GLAND_SPARKSAC","Thunder","Mathark",200,25.00,11
13/11/2019 23:54:40,Selling,"Alder","ITEM_GLAND_SPARKSAC","Fire","Stocker Club",193,40.00,6
13/11/2019 23:54:40,Selling,"Alder","ITEM_GLAND_SPARKSAC","Fire",":#941e94:! Shabangbang !",11765,5000.00,1
13/11/2019 23:54:40,Selling,"Alder","ITEM_GLAND_SPARKSAC","Fire",":#631063: ! Shoopshoop",5656,5000.00,0
13/11/2019 23:54:40,Selling,"Alder","ITEM_GLAND_SPARKSAC","Tiggs","Tigg's Tunnels",14400,100000000.00,1
13/11/2019 23:54:40,Buying,"Alder","ITEM_GLAND_SPARKSAC","Unyka#","",609,8.20,1
13/11/2019 23:54:40,Buying,"Alder","ITEM_GLAND_SPARKSAC","ADULT","Bangtan Market & Forge",306,8.00,14
13/11/2019 23:54:40,Selling,"Alder","ITEM_GLAND_THERMALSAC","ADULT","Bangtan Market & Forge",238,17.00,14
13/11/2019 23:54:40,Selling,"Alder","ITEM_GLAND_THERMALSAC","HOO","Stardust",890,27.00,2
13/11/2019 23:54:40,Selling,"Alder","ITEM_GLAND_THERMALSAC","Fire","Stocker Club",143,30.00,6
13/11/2019 23:54:40,Selling,"Alder","ITEM_GLAND_THERMALSAC","Thunder","Mathark",109,30.00,11
13/11/2019 23:54:40,Selling,"Alder","ITEM_GLAND_THERMALSAC","Fire",":#941e94:! Shabangbang !",6116,5000.00,1
13/11/2019 23:54:40,Selling,"Alder","ITEM_GLAND_THERMALSAC","Fire",":#631063: ! Shoopshoop",2860,5000.00,0
13/11/2019 23:54:41,Buying,"Alder","ITEM_GLAND_THERMALSAC","ADULT","Bangtan Market & Forge",485,15.00,14
13/11/2019 23:54:41,Buying,"Alder","ITEM_GLAND_THERMALSAC","Unyka#","",384,12.00,1
13/11/2019 23:54:42,Selling,"Alder","ITEM_GLUE_BASE","KZB","Yodabashi Camera",12,20.00,1
13/11/2019 23:54:42,Selling,"Alder","ITEM_GLUE_BASE","","Pinkish",3300,22.00,1
13/11/2019 23:54:42,Selling,"Alder","ITEM_GLUE_BASE","Fire",":#941e94:! Shabangbang !",900,2000.00,1
13/11/2019 23:54:42,Selling,"Alder","ITEM_GLUE_BASE","Fire","Stocker Club",1900,55555.00,6
13/11/2019 23:54:42,Selling,"Alder","ITEM_GLUE_BASE","-FUN-","",2700,100000000.00,0
13/11/2019 23:54:42,Buying,"Alder","ITEM_GLUE_BASE","Fire","Fireborne Temple",14400,0.00,0
13/11/2019 23:54:43,Selling,"Alder","ITEM_HIDE_BASE","Squach","Triple Trouble ",14400,2.00,36
13/11/2019 23:54:43,Selling,"Alder","ITEM_HIDE_BASE","HOO","Stardust",9362,2.00,2
13/11/2019 23:54:43,Selling,"Alder","ITEM_HIDE_BASE","PxR","Awesomevilletown",6314,2.00,16
13/11/2019 23:54:43,Selling,"Alder","ITEM_HIDE_BASE","","Flipper",2159,2.00,1
13/11/2019 23:54:43,Selling,"Alder","ITEM_HIDE_BASE","Fire","Stocker Club",1520,2.00,6
13/11/2019 23:54:43,Selling,"Alder","ITEM_HIDE_BASE","Thunder","Mathark",532,2.00,11
13/11/2019 23:54:43,Selling,"Alder","ITEM_HIDE_BASE","MisMon","Tiggerton",2,2.00,1
13/11/2019 23:54:43,Selling,"Alder","ITEM_HIDE_BASE","BNMSH","Elysian Fields ",1,2.00,23
13/11/2019 23:54:43,Selling,"Alder","ITEM_HIDE_BASE","[PS]","The Bat Cave",900,5.00,2
13/11/2019 23:54:43,Selling,"Alder","ITEM_HIDE_BASE","Fire",":#631063: ! Shoopshoop",9529,2000.00,0
13/11/2019 23:54:43,Selling,"Alder","ITEM_HIDE_BASE","Fire",":#941e94:! Shabangbang !",7958,2000.00,1
13/11/2019 23:54:43,Selling,"Alder","ITEM_HIDE_BASE","Tiggs","Tigg's Tunnels",14400,100000000.00,1
13/11/2019 23:54:43,Buying,"Alder","ITEM_HIDE_BASE","Unyka#","",912,2.00,1
13/11/2019 23:54:43,Buying,"Alder","ITEM_HIDE_BASE","","Boogies Sell Station",9142,1.25,1
13/11/2019 23:54:44,Buying,"Alder","ITEM_INK_BASE","ADULT","Bangtan Market & Forge",22,42.00,14
13/11/2019 23:54:45,Selling,"Alder","ITEM_LAMELLA_REACTIVE","Squach","Triple Trouble ",100,30.00,36
13/11/2019 23:54:45,Selling,"Alder","ITEM_LAMELLA_REACTIVE","PxR","Awesomevilletown",224,35.00,16
13/11/2019 23:54:45,Selling,"Alder","ITEM_LAMELLA_REACTIVE","","The Lonely Lodge",62,35.00,2
13/11/2019 23:54:45,Selling,"Alder","ITEM_LAMELLA_REACTIVE","Fire",":#941e94:! Shabangbang !",1504,2000.00,1
13/11/2019 23:54:46,Buying,"Alder","ITEM_LAMELLA_REACTIVE","Squach","Sioui's Stead",3703,25.00,9
13/11/2019 23:54:46,Buying,"Alder","ITEM_LAMELLA_REACTIVE","ADULT","Bangtan Market & Forge",900,25.00,14
13/11/2019 23:54:46,Buying,"Alder","ITEM_LAMELLA_REACTIVE","Reaper","The  Tower of Power",740,25.00,10
13/11/2019 23:54:46,Buying,"Alder","ITEM_LAMELLA_REACTIVE","","Kyoto Region",195,20.00,2
13/11/2019 23:54:46,Selling,"Alder","ITEM_LEAF_FLESHY","","The Lonely Lodge",230,2.00,2
13/11/2019 23:54:46,Selling,"Alder","ITEM_LEAF_FLESHY","BNMSH","Elysian Fields ",2,3.00,23
13/11/2019 23:54:46,Selling,"Alder","ITEM_LEAF_FLESHY","PxR","Awesomevilletown",249,4.00,16
13/11/2019 23:54:46,Selling,"Alder","ITEM_LEAF_FLESHY","Thunder","Mathark",30,5.00,11
13/11/2019 23:54:46,Selling,"Alder","ITEM_LEAF_FLESHY","","Beta",100,25.00,1
13/11/2019 23:54:46,Selling,"Alder","ITEM_LEAF_FLESHY","Fire",":#941e94:! Shabangbang !",8118,2000.00,1
13/11/2019 23:54:47,Buying,"Alder","ITEM_LEAF_FLESHY","ADULT","Bangtan Market & Forge",880,3.00,14
13/11/2019 23:54:47,Buying,"Alder","ITEM_LEAF_FLESHY","","Kyoto Region",503,2.00,2
13/11/2019 23:54:47,Buying,"Alder","ITEM_LEAF_FLESHY","Fire","Fireborne Temple",14363,0.00,0
13/11/2019 23:54:47,Selling,"Alder","ITEM_LEAF_INKY","Taveren","The queens blessing",4,10.00,1
13/11/2019 23:54:47,Selling,"Alder","ITEM_LEAF_INKY","Squach","Triple Trouble ",2112,20.00,36
13/11/2019 23:54:47,Selling,"Alder","ITEM_LEAF_INKY","","Pinkish",461,22.00,1
13/11/2019 23:54:47,Selling,"Alder","ITEM_LEAF_INKY","PxR","Awesomevilletown",115,25.00,16
13/11/2019 23:54:47,Selling,"Alder","ITEM_LEAF_INKY","Fire",":#941e94:! Shabangbang !",8798,8000.00,1
13/11/2019 23:54:47,Selling,"Alder","ITEM_LEAF_INKY","Fire","Stocker Club",328,55555.00,6
13/11/2019 23:54:48,Buying,"Alder","ITEM_LEAF_INKY","ADULT","Bangtan Market & Forge",875,21.00,14
13/11/2019 23:54:48,Buying,"Alder","ITEM_LEAF_INKY","Squach","Sioui's Stead",4545,10.00,9
13/11/2019 23:54:48,Buying,"Alder","ITEM_LEAF_INKY","Tigg's","Nobel's Myth",799,5.00,2
13/11/2019 23:54:48,Buying,"Alder","ITEM_LEAF_INKY","","Kyoto Region",503,2.00,2
13/11/2019 23:54:48,Buying,"Alder","ITEM_LEAF_INKY","Fire","Fireborne Temple",14363,0.00,0
13/11/2019 23:54:48,Selling,"Alder","ITEM_MANTLE_CREATURE","ADULT","Bangtan Market & Forge",754,5.00,14
13/11/2019 23:54:48,Selling,"Alder","ITEM_MANTLE_CREATURE","HOO","Stardust",445,5.00,2
13/11/2019 23:54:48,Selling,"Alder","ITEM_MANTLE_CREATURE","Thunder","Mathark",788,12.00,11
13/11/2019 23:54:48,Selling,"Alder","ITEM_MANTLE_CREATURE","Fire",":#631063: ! Shoopshoop",4869,1000.00,0
13/11/2019 23:54:48,Selling,"Alder","ITEM_MANTLE_CREATURE","Fire",":#941e94:! Shabangbang !",83,2000.00,1
13/11/2019 23:54:48,Selling,"Alder","ITEM_MANTLE_CREATURE","Fire","Stocker Club",4263,55555.00,6
13/11/2019 23:54:48,Selling,"Alder","ITEM_MANTLE_CREATURE","Tiggs","Tigg's Tunnels",14400,100000000.00,1
13/11/2019 23:54:49,Buying,"Alder","ITEM_MANTLE_CREATURE","999","Pont alder",3000,5.00,6
13/11/2019 23:54:49,Buying,"Alder","ITEM_MANTLE_CREATURE","ADULT","Bangtan Market & Forge",5714,3.50,14
13/11/2019 23:54:49,Buying,"Alder","ITEM_MANTLE_CREATURE","Unyka#","",1666,3.00,1
13/11/2019 23:54:49,Buying,"Alder","ITEM_MANTLE_CREATURE","","Boogies Sell Station",14127,2.00,1
13/11/2019 23:54:50,Selling,"Alder","ITEM_METAL_COPPER","Thunder","Mathark",710,7.00,11
13/11/2019 23:54:50,Selling,"Alder","ITEM_METAL_COPPER","",":#green:Green Haven",200,7.00,3
13/11/2019 23:54:50,Selling,"Alder","ITEM_METAL_COPPER","D.I.","Damaged Industries",191,10.00,0
13/11/2019 23:54:50,Selling,"Alder","ITEM_METAL_COPPER","Fire","Stocker Club",1201,100.00,6
13/11/2019 23:54:50,Selling,"Alder","ITEM_METAL_COPPER","Fire",":#941e94:! Shabangbang !",5288,2000.00,1
13/11/2019 23:54:50,Buying,"Alder","ITEM_METAL_COPPER","EGO",":#strongred:Lakeview Shop",1600,0.25,10
13/11/2019 23:54:51,Selling,"Alder","ITEM_METAL_GOLD","D.I.","Bort's Place",70,25.00,0
13/11/2019 23:54:51,Selling,"Alder","ITEM_METAL_GOLD","","Kyoto Region",84,150.00,2
13/11/2019 23:54:51,Selling,"Alder","ITEM_METAL_GOLD","Fire","Stocker Club",67,500.00,6
13/11/2019 23:54:51,Selling,"Alder","ITEM_METAL_GOLD","Fire",":#941e94:! Shabangbang !",7172,2000.00,1
13/11/2019 23:54:51,Buying,"Alder","ITEM_METAL_GOLD","",":#green:Green Haven",160,5.00,3
13/11/2019 23:54:51,Buying,"Alder","ITEM_METAL_GOLD","EGO",":#strongred:Lakeview Shop",80,5.00,10
13/11/2019 23:54:52,Selling,"Alder","ITEM_METAL_IRON","ADULT","The Smellowship",6900,6.00,4
13/11/2019 23:54:52,Selling,"Alder","ITEM_METAL_IRON","Thunder","Mathark",902,7.00,11
13/11/2019 23:54:52,Selling,"Alder","ITEM_METAL_IRON","D.I.","Damaged Industries",317,12.00,0
13/11/2019 23:54:52,Selling,"Alder","ITEM_METAL_IRON","Fire",":#941e94:! Shabangbang !",14400,2000.00,1
13/11/2019 23:54:52,Buying,"Alder","ITEM_METAL_IRON","EGO",":#strongred:Lakeview Shop",100,4.00,10
13/11/2019 23:54:52,Buying,"Alder","ITEM_METAL_IRON","",":#green:Green Haven",266,3.00,3
13/11/2019 23:54:53,Selling,"Alder","ITEM_METAL_SILVER","Thunder","Mathark",25,20.00,11
13/11/2019 23:54:53,Selling,"Alder","ITEM_METAL_SILVER","D.I.","Bort's Place",64,25.00,0
13/11/2019 23:54:53,Selling,"Alder","ITEM_METAL_SILVER","Fire","Stocker Club",761,300.00,6
13/11/2019 23:54:53,Selling,"Alder","ITEM_METAL_SILVER","Fire",":#941e94:! Shabangbang !",5741,2000.00,1
13/11/2019 23:54:53,Buying,"Alder","ITEM_METAL_SILVER","",":#green:Green Haven",160,5.00,3
13/11/2019 23:54:53,Buying,"Alder","ITEM_METAL_SILVER","EGO",":#strongred:Lakeview Shop",80,5.00,10
13/11/2019 23:54:54,Selling,"Alder","ITEM_METAL_TITANIUM","Thunder","Mathark",1,18.00,11
13/11/2019 23:54:54,Selling,"Alder","ITEM_METAL_TITANIUM","D.I.","Bort's Place",180,50.00,0
13/11/2019 23:54:54,Selling,"Alder","ITEM_METAL_TITANIUM","","Kyoto Region",100,200.00,2
13/11/2019 23:54:54,Selling,"Alder","ITEM_METAL_TITANIUM","Fire","Stocker Club",5637,500.00,6
13/11/2019 23:54:54,Selling,"Alder","ITEM_METAL_TITANIUM","Fire",":#941e94:! Shabangbang !",11563,2000.00,1
13/11/2019 23:54:54,Buying,"Alder","ITEM_METAL_TITANIUM","",":#green:Green Haven",72,10.00,3
13/11/2019 23:54:54,Buying,"Alder","ITEM_METAL_TITANIUM","EGO",":#strongred:Lakeview Shop",40,10.00,10
13/11/2019 23:54:54,Selling,"Alder","ITEM_NAIL_BASE","Thunder","Mathark",25,2.00,11
13/11/2019 23:54:54,Selling,"Alder","ITEM_NAIL_BASE","KZB","Yodabashi Camera",176,3.00,1
13/11/2019 23:54:54,Selling,"Alder","ITEM_NAIL_BASE","Fire",":#941e94:! Shabangbang !",15300,2000.00,1
13/11/2019 23:54:55,Selling,"Alder","ITEM_ORB_PULSATING","Squach","Triple Trouble ",78,10.00,36
13/11/2019 23:54:55,Selling,"Alder","ITEM_ORB_PULSATING","PxR","Awesomevilletown",6,10.00,16
13/11/2019 23:54:55,Selling,"Alder","ITEM_ORB_PULSATING","Fire",":#941e94:! Shabangbang !",5174,2000.00,1
13/11/2019 23:54:56,Buying,"Alder","ITEM_ORB_PULSATING","Squach","Sioui's Stead",11898,5.00,9
13/11/2019 23:54:56,Buying,"Alder","ITEM_ORB_PULSATING","ADULT","Bangtan Market & Forge",943,5.00,14
13/11/2019 23:54:56,Buying,"Alder","ITEM_ORB_PULSATING","","Kyoto Region",8,2.00,2
13/11/2019 23:54:56,Selling,"Alder","ITEM_ORB_SHADOW","Fire","Gleam Universe",27000,28.00,50
13/11/2019 23:54:56,Selling,"Alder","ITEM_ORB_SHADOW","Tardis",":#green:Sasquatchville Tardis",7200,29.00,1
13/11/2019 23:54:56,Selling,"Alder","ITEM_ORB_SHADOW","Squach","Triple Trouble ",101,29.00,36
13/11/2019 23:54:56,Selling,"Alder","ITEM_ORB_SHADOW","","Portalis Observatory Souvenirs ",614,38.00,1
13/11/2019 23:54:56,Selling,"Alder","ITEM_ORB_SHADOW","PxR","Awesomevilletown",29,45.00,16
13/11/2019 23:54:56,Selling,"Alder","ITEM_ORB_SHADOW","Fire",":#941e94:! Shabangbang !",1860,5000.00,1
13/11/2019 23:54:56,Selling,"Alder","ITEM_ORB_SHADOW","Fire","Stocker Club",59,55555.00,6
13/11/2019 23:54:57,Buying,"Alder","ITEM_ORB_SHADOW","ADULT","Bangtan Market & Forge",2,25.00,14
13/11/2019 23:54:57,Buying,"Alder","ITEM_ORB_SHADOW","Squach","Sioui's Stead",4545,20.00,9
13/11/2019 23:54:57,Buying,"Alder","ITEM_ORB_SHADOW","","Kyoto Region",14208,0.00,2
13/11/2019 23:54:58,Selling,"Alder","ITEM_ORB_SHIMMERING","Fire","Gleam Universe",9000,22.00,50
13/11/2019 23:54:58,Selling,"Alder","ITEM_ORB_SHIMMERING","Squach","Triple Trouble ",71,35.00,36
13/11/2019 23:54:58,Selling,"Alder","ITEM_ORB_SHIMMERING","PxR","Awesomevilletown",49,35.00,16
13/11/2019 23:54:58,Selling,"Alder","ITEM_ORB_SHIMMERING","","The Lonely Lodge",397,50.00,2
13/11/2019 23:54:58,Selling,"Alder","ITEM_ORB_SHIMMERING","Fire",":#941e94:! Shabangbang !",6950,2000.00,1
13/11/2019 23:54:58,Selling,"Alder","ITEM_ORB_SHIMMERING","Fire","Stocker Club",772,5555.00,6
13/11/2019 23:54:58,Buying,"Alder","ITEM_ORB_SHIMMERING","Reaper","The  Tower of Power",740,25.00,10
13/11/2019 23:54:58,Buying,"Alder","ITEM_ORB_SHIMMERING","ADULT","Bangtan Market & Forge",121,21.00,14
13/11/2019 23:54:58,Buying,"Alder","ITEM_ORB_SHIMMERING","Squach","Sioui's Stead",4545,20.00,9
13/11/2019 23:54:59,Selling,"Alder","ITEM_ORE_COPPER","Tiggs","Tunnel Stop Shop [Alder]",367,5.00,18
13/11/2019 23:54:59,Selling,"Alder","ITEM_ORE_COPPER","Squach","Triple Trouble ",204,6.00,36
13/11/2019 23:54:59,Selling,"Alder","ITEM_ORE_COPPER","Fire","Stocker Club",100,6.00,6
13/11/2019 23:54:59,Selling,"Alder","ITEM_ORE_COPPER","Fire",":#941e94:! Shabangbang !",8344,2000.00,1
13/11/2019 23:54:59,Buying,"Alder","ITEM_ORE_COPPER","Tiggs","Tunnel Stop Shop [Alder]",14400,5.00,18
13/11/2019 23:54:59,Buying,"Alder","ITEM_ORE_COPPER","Las","Metro Hub",48892,4.00,8
13/11/2019 23:54:59,Buying,"Alder","ITEM_ORE_COPPER","Fire","Fireborne Temple",28800,0.00,0
13/11/2019 23:55:00,Selling,"Alder","ITEM_ORE_GOLD","Thunder","Mathark",406,20.00,11
13/11/2019 23:55:00,Selling,"Alder","ITEM_ORE_GOLD","Squach","Triple Trouble ",240,20.00,36
13/11/2019 23:55:00,Selling,"Alder","ITEM_ORE_GOLD","Fire","Stocker Club",67,30.00,6
13/11/2019 23:55:00,Selling,"Alder","ITEM_ORE_GOLD","Fire",":#941e94:! Shabangbang !",7006,2000.00,1
13/11/2019 23:55:00,Buying,"Alder","ITEM_ORE_GOLD","Fire","Fireborne Temple",14400,0.00,0
13/11/2019 23:55:01,Selling,"Alder","ITEM_ORE_IRON","TJF","TJF FIREBORN BRANCH",12,3.00,2
13/11/2019 23:55:01,Selling,"Alder","ITEM_ORE_IRON","Thunder","Mathark",257,5.00,11
13/11/2019 23:55:01,Selling,"Alder","ITEM_ORE_IRON","Squach","Triple Trouble ",951,6.00,36
13/11/2019 23:55:01,Selling,"Alder","ITEM_ORE_IRON","Fire","Stocker Club",122,20.00,6
13/11/2019 23:55:01,Selling,"Alder","ITEM_ORE_IRON","Fire",":#941e94:! Shabangbang !",28600,2000.00,1
13/11/2019 23:55:01,Selling,"Alder","ITEM_ORE_IRON","Fire","Gleam Universe",4,2343435.00,50
13/11/2019 23:55:01,Buying,"Alder","ITEM_ORE_IRON","Tiggs","Tunnel Stop Shop [Alder]",14400,5.00,18
13/11/2019 23:55:01,Buying,"Alder","ITEM_ORE_IRON","Las","Metro Hub",48892,4.00,8
13/11/2019 23:55:01,Buying,"Alder","ITEM_ORE_IRON","Fire","Fireborne Temple",28800,0.00,0
13/11/2019 23:55:02,Selling,"Alder","ITEM_ORE_SILVER","Squach","Triple Trouble ",618,20.00,36
13/11/2019 23:55:02,Selling,"Alder","ITEM_ORE_SILVER","Thunder","Mathark",362,20.00,11
13/11/2019 23:55:02,Selling,"Alder","ITEM_ORE_SILVER","Fire","Stocker Club",132,30.00,6
13/11/2019 23:55:02,Selling,"Alder","ITEM_ORE_SILVER","Fire",":#941e94:! Shabangbang !",9792,2000.00,1
13/11/2019 23:55:02,Buying,"Alder","ITEM_ORE_SILVER","Fire","Fireborne Temple",14400,0.00,0
13/11/2019 23:55:03,Selling,"Alder","ITEM_ORE_TITANIUM","Squach","Triple Trouble ",816,10.00,36
13/11/2019 23:55:03,Selling,"Alder","ITEM_ORE_TITANIUM","Fire","Stocker Club",111,50.00,6
13/11/2019 23:55:03,Selling,"Alder","ITEM_ORE_TITANIUM","Fire",":#941e94:! Shabangbang !",12904,2000.00,1
13/11/2019 23:55:03,Buying,"Alder","ITEM_ORE_TITANIUM","Fire","Fireborne Temple",14400,0.00,0
13/11/2019 23:55:04,Selling,"Alder","ITEM_ROCKDROP_FLINT","TJF","TJF FIREBORN BRANCH",181,0.10,2
13/11/2019 23:55:04,Selling,"Alder","ITEM_ROCKDROP_FLINT","999","Pont alder",8100,0.25,6
13/11/2019 23:55:04,Selling,"Alder","ITEM_ROCKDROP_FLINT","Taveren","The queens blessing",114,0.50,1
13/11/2019 23:55:04,Selling,"Alder","ITEM_ROCKDROP_FLINT","",":#green:Green Haven",900,0.80,3
13/11/2019 23:55:04,Selling,"Alder","ITEM_ROCKDROP_FLINT","","Pinkish",4877,1.00,1
13/11/2019 23:55:04,Selling,"Alder","ITEM_ROCKDROP_FLINT","Squach","Triple Trouble ",1758,1.00,36
13/11/2019 23:55:04,Selling,"Alder","ITEM_ROCKDROP_FLINT","","Beta",1376,1.00,1
13/11/2019 23:55:04,Selling,"Alder","ITEM_ROCKDROP_FLINT","Thunder","Mathark",976,1.00,11
13/11/2019 23:55:04,Selling,"Alder","ITEM_ROCKDROP_FLINT","KZB","Yodabashi Camera",200,1.00,1
13/11/2019 23:55:04,Selling,"Alder","ITEM_ROCKDROP_FLINT","PxR","Awesomevilletown",458,3.00,16
13/11/2019 23:55:04,Selling,"Alder","ITEM_ROCKDROP_FLINT","Fire",":#941e94:! Shabangbang !",900,2000.00,1
13/11/2019 23:55:05,Buying,"Alder","ITEM_ROCKDROP_FLINT","ADULT","Bangtan Market & Forge",840,0.50,14
13/11/2019 23:55:05,Selling,"Alder","ITEM_SAP_BASE","Tiggs","Tunnel Stop Shop [Alder]",10327,5.00,18
13/11/2019 23:55:05,Selling,"Alder","ITEM_SAP_BASE","ADULT","The Smellowship",635,15.00,4
13/11/2019 23:55:05,Selling,"Alder","ITEM_SAP_BASE","HOO","Stardust",1351,22.00,2
13/11/2019 23:55:05,Selling,"Alder","ITEM_SAP_BASE","Fire",":#941e94:! Shabangbang !",4324,2000.00,1
13/11/2019 23:55:05,Selling,"Alder","ITEM_SAP_BASE","Fire","Stocker Club",398,5555.00,6
13/11/2019 23:55:06,Buying,"Alder","ITEM_SAP_BASE","Reaper","The  Tower of Power",3921,5.10,10
13/11/2019 23:55:06,Buying,"Alder","ITEM_SAP_BASE","Tiggs","Tunnel Stop Shop [Alder]",14400,5.00,18
13/11/2019 23:55:06,Buying,"Alder","ITEM_SAP_BASE","Tigg's","Nobel's Myth",2500,4.00,2
13/11/2019 23:55:06,Buying,"Alder","ITEM_SAP_BASE","[WS]","Serenity 1",1000,4.00,1
13/11/2019 23:55:06,Buying,"Alder","ITEM_SAP_BASE","Squach","Sioui's Stead",14369,3.00,9
13/11/2019 23:55:06,Buying,"Alder","ITEM_SAP_BASE","KrK","",1666,3.00,1
13/11/2019 23:55:06,Buying,"Alder","ITEM_SAP_BASE","Fire","Fireborne Temple",14388,0.00,0
13/11/2019 23:55:06,Selling,"Alder","ITEM_SYRUP_BASE","Fire",":#941e94:! Shabangbang !",9442,5000.00,1
13/11/2019 23:55:06,Selling,"Alder","ITEM_SYRUP_BASE","Fire","Stocker Club",2668,55555.00,6
13/11/2019 23:55:07,Buying,"Alder","ITEM_SYRUP_BASE","ADULT","Bangtan Market & Forge",360,5.00,14
13/11/2019 23:55:08,Selling,"Alder","ITEM_TALLOW_BASE","W.A.R.","The LAZY NOOB",30,0.00,1
13/11/2019 23:55:08,Selling,"Alder","ITEM_TALLOW_BASE","Taveren","The queens blessing",42,0.50,1
13/11/2019 23:55:08,Selling,"Alder","ITEM_TALLOW_BASE","","The nice shop",964,0.70,3
13/11/2019 23:55:08,Selling,"Alder","ITEM_TALLOW_BASE","PxR","Awesomevilletown",4035,0.75,16
13/11/2019 23:55:08,Selling,"Alder","ITEM_TALLOW_BASE","HOO","Stardust",14400,0.99,2
13/11/2019 23:55:08,Selling,"Alder","ITEM_TALLOW_BASE","","Pinkish",14400,1.00,1
13/11/2019 23:55:08,Selling,"Alder","ITEM_TALLOW_BASE","","Flipper",3600,1.00,1
13/11/2019 23:55:08,Selling,"Alder","ITEM_TALLOW_BASE","Thunder","Mathark",2243,1.00,11
13/11/2019 23:55:08,Selling,"Alder","ITEM_TALLOW_BASE","","The Lonely Lodge",6,1.00,2
13/11/2019 23:55:08,Selling,"Alder","ITEM_TALLOW_BASE","Fire","Stocker Club",2072,2.00,6
13/11/2019 23:55:08,Selling,"Alder","ITEM_TALLOW_BASE","Fire",":#941e94:! Shabangbang !",4901,2000.00,1
13/11/2019 23:55:08,Selling,"Alder","ITEM_TALLOW_BASE","Fire",":#631063: ! Shoopshoop",2,2000.00,0
13/11/2019 23:55:08,Selling,"Alder","ITEM_TALLOW_BASE","Tiggs","Tigg's Tunnels",14400,100000000.00,1
13/11/2019 23:55:08,Buying,"Alder","ITEM_TALLOW_BASE","Unyka#","",14400,0.60,1
13/11/2019 23:55:09,Selling,"Alder","ITEM_TROPHY_HOPPER","","Pinkish",27,350.00,1
13/11/2019 23:55:09,Selling,"Alder","ITEM_TROPHY_HOPPER","HOO","Abracadabra",136,549.00,3
13/11/2019 23:55:09,Buying,"Alder","ITEM_TROPHY_HOPPER","ADULT","Bangtan Market & Forge",118,300.00,14
13/11/2019 23:55:10,Selling,"Alder","SAND_DEFAULT_BASE_DUGUP","","The Museum of Wandering Glee",100,0.50,0
13/11/2019 23:55:10,Selling,"Alder","SAND_DEFAULT_BASE_DUGUP","BNMSH","Elysian Fields ",57,0.50,23
13/11/2019 23:55:10,Selling,"Alder","SAND_DEFAULT_BASE_DUGUP","Tiggs","Tunnel Stop Shop [Alder]",7464,1.00,18
13/11/2019 23:55:10,Selling,"Alder","SAND_DEFAULT_BASE_DUGUP","PxR","Awesomevilletown",202,1.00,16
13/11/2019 23:55:10,Selling,"Alder","SAND_DEFAULT_BASE_DUGUP","HOO","Stardust",137,1.00,2
13/11/2019 23:55:10,Selling,"Alder","SAND_DEFAULT_BASE_DUGUP","Thunder","Mathark",1,1.00,11
13/11/2019 23:55:10,Selling,"Alder","SAND_DEFAULT_BASE_DUGUP","Fire","Stocker Club",428,2.00,6
13/11/2019 23:55:10,Selling,"Alder","SAND_DEFAULT_BASE_DUGUP","A.I","Lucy's Lane",2329,3.00,2
13/11/2019 23:55:10,Selling,"Alder","SAND_DEFAULT_BASE_DUGUP","Fire",":#941e94:! Shabangbang !",100,22222220.00,1
13/11/2019 23:55:10,Selling,"Alder","SAND_DEFAULT_BASE_DUGUP","A.I","Sempi's Section",28368,100000000.00,0
13/11/2019 23:55:10,Buying,"Alder","SAND_DEFAULT_BASE_DUGUP","Tiggs","Tunnel Stop Shop [Alder]",14400,1.00,18
13/11/2019 23:55:10,Buying,"Alder","SAND_DEFAULT_BASE_DUGUP","KILLJOY","WICKED 101",2000,1.00,1
13/11/2019 23:55:11,Selling,"Alder","SOIL_PEATY_BASE_DUGUP","Tiggs","Tunnel Stop Shop [Alder]",7807,1.00,18
13/11/2019 23:55:11,Selling,"Alder","SOIL_PEATY_BASE_DUGUP","KILLJOY","WICKED 101",900,1.00,1
13/11/2019 23:55:11,Selling,"Alder","SOIL_PEATY_BASE_DUGUP","PxR","Awesomevilletown",303,1.00,16
13/11/2019 23:55:11,Selling,"Alder","SOIL_PEATY_BASE_DUGUP","Squach","Triple Trouble ",7200,2.00,36
13/11/2019 23:55:11,Selling,"Alder","SOIL_PEATY_BASE_DUGUP","HOO","Stardust",252,2.00,2
13/11/2019 23:55:11,Selling,"Alder","SOIL_PEATY_BASE_DUGUP","Fire","Stocker Club",445,3.00,6
13/11/2019 23:55:11,Selling,"Alder","SOIL_PEATY_BASE_DUGUP","Thunder","Mathark",4,5.00,11
13/11/2019 23:55:11,Selling,"Alder","SOIL_PEATY_BASE_DUGUP","Fire",":#941e94:! Shabangbang !",4189,100.00,1
13/11/2019 23:55:11,Selling,"Alder","SOIL_PEATY_BASE_DUGUP","Fire",":#ab1717:Farm :#0b410b:School",6189,222.00,0
13/11/2019 23:55:11,Buying,"Alder","SOIL_PEATY_BASE_DUGUP","Tigg's","Nobel's Myth",3333,3.00,2
13/11/2019 23:55:11,Buying,"Alder","SOIL_PEATY_BASE_DUGUP","KrK","Tan'ya-ba",65,2.00,2
13/11/2019 23:55:11,Buying,"Alder","SOIL_PEATY_BASE_DUGUP","Tiggs","Tunnel Stop Shop [Alder]",14400,1.00,18
13/11/2019 23:55:12,Selling,"Alder","SOIL_PEATY_COMPACT","Squach","Sasquatchville",142,5.00,24
13/11/2019 23:55:12,Selling,"Alder","SOIL_PEATY_COMPACT","PxR","Awesomevilletown",210,8.00,16
13/11/2019 23:55:12,Selling,"Alder","SOIL_PEATY_COMPACT","Thunder","Mathark",200,8.00,11
13/11/2019 23:55:12,Selling,"Alder","SOIL_PEATY_COMPACT","Fire",":#941e94:! Shabangbang !",3275,2000.00,1
13/11/2019 23:55:13,Selling,"Alder","SOIL_SILTY_BASE_DUGUP","Tiggs","Tunnel Stop Shop [Alder]",7942,1.00,18
13/11/2019 23:55:13,Selling,"Alder","SOIL_SILTY_BASE_DUGUP","HOO","Stardust",2546,1.00,2
13/11/2019 23:55:13,Selling,"Alder","SOIL_SILTY_BASE_DUGUP","KILLJOY","WICKED 101",1234,1.00,1
13/11/2019 23:55:13,Selling,"Alder","SOIL_SILTY_BASE_DUGUP","Thunder","Mathark",549,1.00,11
13/11/2019 23:55:13,Selling,"Alder","SOIL_SILTY_BASE_DUGUP","PxR","Awesomevilletown",511,1.00,16
13/11/2019 23:55:13,Selling,"Alder","SOIL_SILTY_BASE_DUGUP","","The Museum of Wandering Glee",100,1.00,0
13/11/2019 23:55:13,Selling,"Alder","SOIL_SILTY_BASE_DUGUP","Squach","Triple Trouble ",14400,2.00,36
13/11/2019 23:55:13,Selling,"Alder","SOIL_SILTY_BASE_DUGUP","A.I","Lucy's Lane",2538,3.00,2
13/11/2019 23:55:13,Selling,"Alder","SOIL_SILTY_BASE_DUGUP","Fire","Stocker Club",367,3.00,6
13/11/2019 23:55:13,Selling,"Alder","SOIL_SILTY_BASE_DUGUP","COOL","Downtown ",75,4.00,0
13/11/2019 23:55:13,Selling,"Alder","SOIL_SILTY_BASE_DUGUP","Fire",":#941e94:! Shabangbang !",87,200.00,1
13/11/2019 23:55:13,Selling,"Alder","SOIL_SILTY_BASE_DUGUP","Fire",":#ab1717:Farm :#0b410b:School",3151,2222.00,0
13/11/2019 23:55:14,Buying,"Alder","SOIL_SILTY_BASE_DUGUP","Tiggs","Tunnel Stop Shop [Alder]",14400,1.00,18
13/11/2019 23:55:14,Selling,"Alder","WOOD_ANCIENT_TRUNK_DUGUP","Thunder","Mathark",27,1.00,11
13/11/2019 23:55:14,Selling,"Alder","WOOD_ANCIENT_TRUNK_DUGUP","HOO","Stardust",24,3.00,2
13/11/2019 23:55:14,Selling,"Alder","WOOD_ANCIENT_TRUNK_DUGUP","Squach","Triple Trouble ",7581,7.00,36
13/11/2019 23:55:15,Buying,"Alder","WOOD_ANCIENT_TRUNK_DUGUP","Tigg's","Nobel's Myth",1666,3.00,2
13/11/2019 23:55:15,Buying,"Alder","WOOD_ANCIENT_TRUNK_DUGUP","KrK","Tan'ya-ba",1000,2.00,2
13/11/2019 23:55:15,Buying,"Alder","WOOD_ANCIENT_TRUNK_DUGUP","Thunder","Mathark",125,2.00,11
13/11/2019 23:55:15,Buying,"Alder","WOOD_ANCIENT_TRUNK_DUGUP","Tiggs","Tunnel Stop Shop [Alder]",14400,1.00,18
13/11/2019 23:55:15,Buying,"Alder","WOOD_ANCIENT_TRUNK_DUGUP","","Boogies Sell Station",130,0.10,1
13/11/2019 23:55:15,Buying,"Alder","WOOD_ANCIENT_TRUNK_DUGUP","Fire","Fireborne Temple",14387,0.00,0
13/11/2019 23:55:15,Selling,"Alder","WOOD_LUSTROUS_TRUNK_DUGUP","Fire",":#FFFF00:HUNTING STORE",5400,0.60,2
13/11/2019 23:55:15,Selling,"Alder","WOOD_LUSTROUS_TRUNK_DUGUP","Tiggs","Tunnel Stop Shop [Alder]",1912,1.00,18
13/11/2019 23:55:15,Selling,"Alder","WOOD_LUSTROUS_TRUNK_DUGUP","HOO","Stardust",1898,1.00,2
13/11/2019 23:55:15,Selling,"Alder","WOOD_LUSTROUS_TRUNK_DUGUP","Thunder","Mathark",386,1.00,11
13/11/2019 23:55:15,Selling,"Alder","WOOD_LUSTROUS_TRUNK_DUGUP","PxR","Awesomevilletown",119,1.00,16
13/11/2019 23:55:15,Selling,"Alder","WOOD_LUSTROUS_TRUNK_DUGUP","Squach","Triple Trouble ",10220,6.00,36
13/11/2019 23:55:16,Selling,"Alder","WOOD_LUSTROUS_TRUNK_DUGUP","Fire","Stocker Club",7200,5555.00,6
13/11/2019 23:55:16,Buying,"Alder","WOOD_LUSTROUS_TRUNK_DUGUP","Thunder","Mathark",44,9.00,11
13/11/2019 23:55:16,Buying,"Alder","WOOD_LUSTROUS_TRUNK_DUGUP","Tigg's","Nobel's Myth",1666,3.00,2
13/11/2019 23:55:16,Buying,"Alder","WOOD_LUSTROUS_TRUNK_DUGUP","KrK","Tan'ya-ba",1000,2.00,2
13/11/2019 23:55:16,Buying,"Alder","WOOD_LUSTROUS_TRUNK_DUGUP","Tiggs","Tunnel Stop Shop [Alder]",14400,1.00,18
13/11/2019 23:55:16,Buying,"Alder","WOOD_LUSTROUS_TRUNK_DUGUP","","Boogies Sell Station",130,0.10,1
13/11/2019 23:55:16,Buying,"Alder","WOOD_LUSTROUS_TRUNK_DUGUP","Fire","Fireborne Temple",14387,0.00,0
13/11/2019 23:55:17,Selling,"Alder","WOOD_TWISTED_TRUNK_DUGUP","HOO","Stardust",1215,1.00,2
13/11/2019 23:55:17,Selling,"Alder","WOOD_TWISTED_TRUNK_DUGUP","Thunder","Mathark",402,1.00,11
13/11/2019 23:55:17,Selling,"Alder","WOOD_TWISTED_TRUNK_DUGUP","Tiggs","Tunnel Stop Shop [Alder]",13,1.00,18
13/11/2019 23:55:17,Selling,"Alder","WOOD_TWISTED_TRUNK_DUGUP","PxR","Awesomevilletown",2964,2.00,16
13/11/2019 23:55:17,Selling,"Alder","WOOD_TWISTED_TRUNK_DUGUP","Squach","Triple Trouble ",20629,5.00,36
13/11/2019 23:55:17,Selling,"Alder","WOOD_TWISTED_TRUNK_DUGUP","Tigg's","Nobel's Myth",1800,10.00,2
13/11/2019 23:55:17,Selling,"Alder","WOOD_TWISTED_TRUNK_DUGUP","Fire",":#941e94:! Shabangbang !",41972,200.00,1
13/11/2019 23:55:17,Buying,"Alder","WOOD_TWISTED_TRUNK_DUGUP","Thunder","Mathark",138,9.00,11
13/11/2019 23:55:17,Buying,"Alder","WOOD_TWISTED_TRUNK_DUGUP","Tigg's","Nobel's Myth",1666,3.00,2
13/11/2019 23:55:17,Buying,"Alder","WOOD_TWISTED_TRUNK_DUGUP","KrK","Tan'ya-ba",1000,2.00,2
13/11/2019 23:55:17,Buying,"Alder","WOOD_TWISTED_TRUNK_DUGUP","Tiggs","Tunnel Stop Shop [Alder]",14400,1.00,18
13/11/2019 23:55:17,Buying,"Alder","WOOD_TWISTED_TRUNK_DUGUP","","Boogies Sell Station",130,0.10,1
13/11/2019 23:55:17,Buying,"Alder","WOOD_TWISTED_TRUNK_DUGUP","Fire","Fireborne Temple",14387,0.00,0
13/11/2019 23:55:18,Selling,"Alder","ITEM_CROPDROP_WHEAT","Squach","Triple Trouble ",710,5.00,36
13/11/2019 23:55:18,Selling,"Alder","ITEM_CROPDROP_WHEAT","Taveren","The queens blessing",2,5.00,1
13/11/2019 23:55:18,Selling,"Alder","ITEM_CROPDROP_WHEAT","Fire","Stocker Club",900,9.00,6
13/11/2019 23:55:18,Selling,"Alder","ITEM_CROPDROP_WHEAT","PxR","Awesomevilletown",4,10.00,16
13/11/2019 23:55:18,Selling,"Alder","ITEM_CROPDROP_WHEAT","","RED-GAR ",54,200.00,1
13/11/2019 23:55:18,Selling,"Alder","ITEM_CROPDROP_WHEAT","Fire",":#941e94:! Shabangbang !",1272,22222220.00,1
13/11/2019 23:55:19,Selling,"Alder","ITEM_LEATHER_BASE","Thunder","Mathark",100,85.00,11
13/11/2019 23:55:19,Selling,"Alder","ITEM_LEATHER_BASE","Fire",":#941e94:! Shabangbang !",4911,2000.00,1
13/11/2019 23:55:19,Buying,"Alder","ITEM_LEATHER_BASE","PxR","Awesomevilletown",38,25.00,16
13/11/2019 23:55:20,Selling,"Alder","ITEM_LEATHER_HARD","Thunder","Mathark",52,125.00,11
13/11/2019 23:55:20,Selling,"Alder","ITEM_LEATHER_HARD","Fire",":#941e94:! Shabangbang !",92,7000.00,1
13/11/2019 23:55:20,Selling,"Alder","ITEM_ROUGH_OORTSTONE","Tiggs","Tunnel Stop Shop [Alder]",1978,250.00,18
13/11/2019 23:55:20,Selling,"Alder","ITEM_ROUGH_OORTSTONE","Thunder","Mathark",1,250.00,11
13/11/2019 23:55:20,Selling,"Alder","ITEM_ROUGH_OORTSTONE","Fire",":#941e94:! Shabangbang !",1,2000.00,1
13/11/2019 23:55:20,Selling,"Alder","ITEM_ROUGH_OORTSTONE","Las","Hunt Lobby Annex",100,9999.00,0
13/11/2019 23:55:20,Selling,"Alder","ITEM_ROUGH_OORTSTONE","Fire","Stocker Club",771,55555.00,6
13/11/2019 23:55:21,Buying,"Alder","ITEM_ROUGH_OORTSTONE","Tiggs","Tunnel Stop Shop [Alder]",1800,182.00,18
13/11/2019 23:55:21,Buying,"Alder","ITEM_ROUGH_OORTSTONE","Reaper","Enterance ",414,180.00,4
13/11/2019 23:55:21,Buying,"Alder","ITEM_ROUGH_OORTSTONE","ADULT",":#ff7c02:Baby's First Beacon",113,160.00,2
13/11/2019 23:55:21,Buying,"Alder","ITEM_ROUGH_OORTSTONE","Squach","Sasquatch Hunt Lobby",1138,100.00,20
13/11/2019 23:55:21,Buying,"Alder","ITEM_ROUGH_OORTSTONE","Fire","Fireborne Temple",636,100.00,0
13/11/2019 23:55:21,Buying,"Alder","ITEM_ROUGH_OORTSTONE","Squach","Sasquatchville",14400,0.00,24
13/11/2019 23:55:21,Buying,"Alder","ITEM_ROUGH_OORTSTONE","Tiggs","Alder Node",14400,0.00,2
13/11/2019 23:55:21,Buying,"Alder","ITEM_ROUGH_OORTSTONE","","Kyoto Region",14348,0.00,2
13/11/2019 23:55:22,Selling,"Alder","ITEM_SHARD_OORT","Fire",":#941e94:! Shabangbang !",215,2000.00,1
13/11/2019 23:55:22,Buying,"Alder","ITEM_SHARD_OORT","EGO",":#strongred:Lakeview Shop",46,7.00,10
13/11/2019 23:55:22,Buying,"Alder","ITEM_SHARD_OORT","Thunder","Mathark",100,5.00,11
13/11/2019 23:55:22,Buying,"Alder","ITEM_SHARD_OORT","Reaper","Enterance ",14400,0.00,4
13/11/2019 23:55:24,Selling,"Alder","ITEM_METEORITE_ICHOR","PxR","Awesomevilletown",76,700.00,16
13/11/2019 23:55:24,Selling,"Alder","ITEM_METEORITE_ICHOR","Squach","Triple Trouble ",30,700.00,36
13/11/2019 23:55:24,Selling,"Alder","ITEM_METEORITE_ICHOR","Thunder","Mathark",4,700.00,11
13/11/2019 23:55:24,Buying,"Alder","ITEM_METEORITE_ICHOR","Thunder","Mathark",2,175.00,11
13/11/2019 23:55:26,Selling,"Alder","SHOP_PLINTH_SELLING","PxR","Awesomevilletown",50,100.00,16
13/11/2019 23:55:26,Selling,"Alder","SHOP_PLINTH_SELLING","Fire",":#941e94:! Shabangbang !",6,5000.00,1
13/11/2019 23:55:26,Selling,"Alder","SHOP_PLINTH_SELLING","Fire",":#142E8A:Canadian",12,55555550.00,0
13/11/2019 23:55:26,Selling,"Alder","ITEM_WAX_BASE","999","Pont alder",3000,0.25,6
13/11/2019 23:55:26,Selling,"Alder","ITEM_WAX_BASE","Thunder","Mathark",359,2.00,11
13/11/2019 23:55:26,Selling,"Alder","ITEM_WAX_BASE","Fire",":#941e94:! Shabangbang !",9900,2000.00,1
13/11/2019 23:55:27,Buying,"Alder","ITEM_WAX_BASE","Fire","Fireborne Temple",14400,0.00,0
13/11/2019 23:55:28,Selling,"Alder","ITEM_BUTTER_PURIFIED","Fire",":#941e94:! Shabangbang !",758,2000.00,1
13/11/2019 23:55:28,Selling,"Alder","ITEM_BUTTER_PURIFIED","Fire","Stocker Club",540,79999.00,6
13/11/2019 23:55:29,Selling,"Alder","ITEM_BUTTER_FORTIFIED","Fire",":#941e94:! Shabangbang !",1068,5000.00,1
13/11/2019 23:55:30,Selling,"Alder","ITEM_FUSION_ELEMENTAL","","Flipper",300,50.00,1
13/11/2019 23:55:30,Selling,"Alder","ITEM_FUSION_ELEMENTAL","Fire",":#941e94:! Shabangbang !",612,50000.00,1
13/11/2019 23:55:31,Selling,"Alder","FORGE_COMPOUND_BOON_PURE1","Fire",":#941e94:! Shabangbang !",594,15000.00,1
13/11/2019 23:55:32,Selling,"Alder","FORGE_COMPOUND_BOON_PURE2","Fire",":#941e94:! Shabangbang !",450,15000.00,1
13/11/2019 23:55:34,Selling,"Alder","FORGE_COMPOUND_BOON_IMPERFECT2","EGO",":#strongred:Lakeview Shop",74,200.00,10
13/11/2019 23:55:37,Selling,"Alder","FORGE_COMPOUND_BOON_UNSTABLE3","EGO",":#strongred:Lakeview Shop",4,200.00,10
13/11/2019 23:55:38,Selling,"Alder","FORGE_COMPOUND_BOON_DRAINING1","Fire",":#941e94:! Shabangbang !",1577,15000.00,1
13/11/2019 23:55:49,Selling,"Alder","FORGE_PASTE_BOOST_BOON2","Fire",":#941e94:! Shabangbang !",3,15000.00,1
13/11/2019 23:55:55,Selling,"Alder","FORGE_PASTE_ENVIGORATION2","Fire",":#941e94:! Shabangbang !",306,8000.00,1
13/11/2019 23:56:01,Selling,"Alder","FORGE_GUM_EASE","Fire",":#941e94:! Shabangbang !",543,15000.00,1
13/11/2019 23:56:03,Selling,"Alder","FORGE_GUM_GLOW","Fire",":#941e94:! Shabangbang !",233,5000.00,1
13/11/2019 23:56:03,Selling,"Alder","FORGE_GUM_VENERABLE","Fire",":#941e94:! Shabangbang !",1900,5000.00,1
13/11/2019 23:56:04,Selling,"Alder","FORGE_GUM_REDUCTION_TRAIT","Fire",":#941e94:! Shabangbang !",323,8000.00,1
13/11/2019 23:56:09,Selling,"Alder","FORGE_CATALYST_POINTS_BOON2","Fire",":#941e94:! Shabangbang !",47,15000.00,1
13/11/2019 23:56:10,Selling,"Alder","FORGE_SOLVENT_REMOVAL_BOON1","Fire",":#941e94:! Shabangbang !",173,5000.00,1
13/11/2019 23:56:11,Selling,"Alder","FORGE_SOLVENT_REMOVAL_BOON2","Fire",":#941e94:! Shabangbang !",410,8000.00,1
13/11/2019 23:56:13,Selling,"Alder","FORGE_SOLVENT_REMOVAL_QUIRK1","Fire",":#941e94:! Shabangbang !",100,8000.00,1
13/11/2019 23:56:15,Selling,"Alder","FORGE_SOLVENT_TRANSMUTE_DEFECT","Fire",":#941e94:! Shabangbang !",200,8000.00,1
13/11/2019 23:56:16,Selling,"Alder","FORGE_SOLVENT_TRANSMUTE_QUIRK","Fire",":#941e94:! Shabangbang !",539,15000.00,1
13/11/2019 23:56:19,Selling,"Alder","WOOD_ANCIENT_TIMBER","PxR","Awesomevilletown",30,5.00,16
13/11/2019 23:56:19,Selling,"Alder","WOOD_ANCIENT_TIMBER","","The Museum of Wandering Glee",10,5.00,0
13/11/2019 23:56:19,Buying,"Alder","WOOD_ANCIENT_TIMBER","","Boogies Sell Station",14400,0.04,1
13/11/2019 23:56:19,Selling,"Alder","WOOD_TWISTED_TIMBER","Thunder","Mathark",8,1.00,11
13/11/2019 23:56:19,Selling,"Alder","WOOD_TWISTED_TIMBER","Fire",":#941e94:! Shabangbang !",3552,2500.00,1
13/11/2019 23:56:20,Buying,"Alder","WOOD_TWISTED_TIMBER","","Boogies Sell Station",14400,0.04,1
13/11/2019 23:56:20,Selling,"Alder","WOOD_LUSTROUS_TIMBER","Thunder","Mathark",121,1.00,11
13/11/2019 23:56:20,Selling,"Alder","WOOD_LUSTROUS_TIMBER","MisMon","Tiggerton",105,50.00,1
13/11/2019 23:56:20,Buying,"Alder","WOOD_LUSTROUS_TIMBER","","Boogies Sell Station",14400,0.04,1
13/11/2019 23:56:21,Selling,"Alder","ITEM_BONE_BASE","W.A.R.","The LAZY NOOB",30,0.00,1
13/11/2019 23:56:21,Selling,"Alder","ITEM_BONE_BASE","","Beta",1,2.00,1
13/11/2019 23:56:21,Selling,"Alder","ITEM_BONE_BASE","ADULT","The Smellowship",9900,4.00,4
13/11/2019 23:56:21,Selling,"Alder","ITEM_BONE_BASE","HOO","Stardust",2353,4.00,2
13/11/2019 23:56:21,Selling,"Alder","ITEM_BONE_BASE","[PS]","The Bat Cave",401,5.00,2
13/11/2019 23:56:21,Selling,"Alder","ITEM_BONE_BASE","Fire",":#941e94:! Shabangbang !",1845,2000.00,1
13/11/2019 23:56:21,Selling,"Alder","ITEM_BONE_BASE","Fire",":#631063: ! Shoopshoop",12,2000.00,0
13/11/2019 23:56:21,Selling,"Alder","ITEM_BONE_BASE","Fire","Stocker Club",14400,55555.00,6
13/11/2019 23:56:21,Selling,"Alder","ITEM_BONE_BASE","Tiggs","Tigg's Tunnels",14400,100000000.00,1
13/11/2019 23:56:22,Buying,"Alder","ITEM_BONE_BASE","Squach","Sioui's Stead",14300,1.00,9
13/11/2019 23:56:22,Buying,"Alder","ITEM_BONE_BASE","Unyka#","",14400,0.25,1
13/11/2019 23:56:22,Buying,"Alder","ITEM_BONE_BASE","Fire","Fireborne Temple",14400,0.00,0
13/11/2019 23:56:22,Selling,"Alder","PLACEABLE_WATER","Fire","Platinum",4500,1.00,5
13/11/2019 23:56:22,Selling,"Alder","PLACEABLE_WATER","HOO","Abracadabra",2796,1.00,3
13/11/2019 23:56:22,Selling,"Alder","PLACEABLE_WATER","Fire","Stocker Club",2700,1.00,6
13/11/2019 23:56:22,Selling,"Alder","PLACEABLE_WATER","Squach","Triple Trouble ",900,1.00,36
13/11/2019 23:56:22,Selling,"Alder","PLACEABLE_WATER","","The Museum of Wandering Glee",100,1.00,0
13/11/2019 23:56:22,Selling,"Alder","PLACEABLE_WATER","Reaper","The Warehouse",1325,2.00,2
13/11/2019 23:56:22,Selling,"Alder","PLACEABLE_WATER","","Nacho Beacon",900,2.00,1
13/11/2019 23:56:22,Selling,"Alder","PLACEABLE_WATER","MisMon","Tiggerton",450,2.00,1
13/11/2019 23:56:22,Selling,"Alder","PLACEABLE_WATER","Fire",":#941e94:! Shabangbang !",5893,200.00,1
13/11/2019 23:56:23,Selling,"Alder","ITEM_LEAF_FIBROUS","Taveren","The queens blessing",12,2.00,1
13/11/2019 23:56:23,Selling,"Alder","ITEM_LEAF_FIBROUS","Squach","Triple Trouble ",1466,3.00,36
13/11/2019 23:56:23,Selling,"Alder","ITEM_LEAF_FIBROUS","BNMSH","Elysian Fields ",84,5.00,23
13/11/2019 23:56:23,Selling,"Alder","ITEM_LEAF_FIBROUS","Thunder","Mathark",115,7.00,11
13/11/2019 23:56:23,Selling,"Alder","ITEM_LEAF_FIBROUS","","Beta",78,12.00,1
13/11/2019 23:56:23,Selling,"Alder","ITEM_LEAF_FIBROUS","Fire",":#941e94:! Shabangbang !",9694,2000.00,1
13/11/2019 23:56:23,Selling,"Alder","ITEM_LEAF_FIBROUS","Fire","Stocker Club",1772,55555.00,6
13/11/2019 23:56:24,Buying,"Alder","ITEM_LEAF_FIBROUS","Squach","Sioui's Stead",14400,2.00,9
13/11/2019 23:56:24,Buying,"Alder","ITEM_LEAF_FIBROUS","","Kyoto Region",503,2.00,2
13/11/2019 23:56:24,Buying,"Alder","ITEM_LEAF_FIBROUS","Fire","Fireborne Temple",14363,0.00,0
13/11/2019 23:56:25,Selling,"Alder","ITEM_FRAGMENT_OLIVINE","BNMSH","Elysian Fields ",43,3.00,23
13/11/2019 23:56:25,Selling,"Alder","ITEM_FRAGMENT_OLIVINE","Squach","Triple Trouble ",103,4.00,36
13/11/2019 23:56:25,Selling,"Alder","ITEM_FRAGMENT_OLIVINE","Thunder","Mathark",9,4.00,11
13/11/2019 23:56:25,Selling,"Alder","ITEM_FRAGMENT_OLIVINE","Fire","Stocker Club",6,6.00,6
13/11/2019 23:56:25,Selling,"Alder","ITEM_FRAGMENT_OLIVINE","PxR","Awesomevilletown",98,10.00,16
13/11/2019 23:56:25,Selling,"Alder","ITEM_FRAGMENT_OLIVINE","Fire",":#941e94:! Shabangbang !",2512,2000.00,1
13/11/2019 23:56:25,Buying,"Alder","ITEM_FRAGMENT_OLIVINE","ADULT","Bangtan Market & Forge",763,5.00,14
13/11/2019 23:56:25,Buying,"Alder","ITEM_FRAGMENT_OLIVINE","","Beta",1,5.00,1
13/11/2019 23:56:25,Buying,"Alder","ITEM_FRAGMENT_OLIVINE","","Kyoto Region",1825,2.00,2
13/11/2019 23:56:26,Selling,"Alder","MACHINE_CRUCIBLE_TITANIUM","COOL","Downtown ",12,199.00,0
13/11/2019 23:56:27,Selling,"Alder","ITEM_METAL_SILVERALLOY","Fire",":#941e94:! Shabangbang !",4500,2000.00,1
13/11/2019 23:56:28,Selling,"Alder","ITEM_METAL_GOLDALLOY","Fire",":#941e94:! Shabangbang !",3951,2000.00,1
13/11/2019 23:56:28,Selling,"Alder","ITEM_METAL_GOLDALLOY","Fire","Stocker Club",151,2000.00,6
13/11/2019 23:56:30,Selling,"Alder","ITEM_METAL_TITANIUMALLOY","Fire",":#941e94:! Shabangbang !",3272,2000.00,1
13/11/2019 23:56:30,Selling,"Alder","ITEM_METAL_TITANIUMALLOY","Fire","Stocker Club",94,3000.00,6
13/11/2019 23:56:30,Buying,"Alder","ITEM_METAL_TITANIUMALLOY","EGO",":#strongred:Lakeview Shop",50,10.00,10
13/11/2019 23:56:31,Buying,"Alder","MACHINE_ENGINE_COIN_MACHINE","EGO",":#strongred:Lakeview Shop",13,200.00,10
13/11/2019 23:56:32,Selling,"Alder","SOIL_CLAY_BASE_DUGUP","Tiggs","Tunnel Stop Shop [Alder]",8791,1.00,18
13/11/2019 23:56:32,Selling,"Alder","SOIL_CLAY_BASE_DUGUP","KILLJOY","WICKED 101",1800,1.00,1
13/11/2019 23:56:32,Selling,"Alder","SOIL_CLAY_BASE_DUGUP","PxR","Awesomevilletown",524,1.00,16
13/11/2019 23:56:32,Selling,"Alder","SOIL_CLAY_BASE_DUGUP","Squach","Triple Trouble ",7998,2.00,36
13/11/2019 23:56:32,Selling,"Alder","SOIL_CLAY_BASE_DUGUP","A.I","Lucy's Lane",5318,3.00,2
13/11/2019 23:56:32,Selling,"Alder","SOIL_CLAY_BASE_DUGUP","Fire","Stocker Club",501,3.00,6
13/11/2019 23:56:32,Selling,"Alder","SOIL_CLAY_BASE_DUGUP","Thunder","Mathark",33,5.00,11
13/11/2019 23:56:32,Selling,"Alder","SOIL_CLAY_BASE_DUGUP","Fire",":#941e94:! Shabangbang !",2878,100.00,1
13/11/2019 23:56:33,Buying,"Alder","SOIL_CLAY_BASE_DUGUP","KrK","Tan'ya-ba",65,2.00,2
13/11/2019 23:56:33,Buying,"Alder","SOIL_CLAY_BASE_DUGUP","Tiggs","Tunnel Stop Shop [Alder]",14400,1.00,18
13/11/2019 23:56:33,Buying,"Alder","SOIL_CLAY_BASE_DUGUP","Fire","Fireborne Temple",14400,0.00,0
13/11/2019 23:56:33,Selling,"Alder","MUD_DEFAULT_BASE_DUGUP","Reaper","The  Tower of Power",9177,1.00,10
13/11/2019 23:56:33,Selling,"Alder","MUD_DEFAULT_BASE_DUGUP","Tiggs","Tunnel Stop Shop [Alder]",7206,1.00,18
13/11/2019 23:56:33,Selling,"Alder","MUD_DEFAULT_BASE_DUGUP","","Kyoto Region",2700,1.00,2
13/11/2019 23:56:33,Selling,"Alder","MUD_DEFAULT_BASE_DUGUP","Fire","Stocker Club",1473,3.00,6
13/11/2019 23:56:33,Selling,"Alder","MUD_DEFAULT_BASE_DUGUP","PxR","Awesomevilletown",100,3.00,16
13/11/2019 23:56:33,Selling,"Alder","MUD_DEFAULT_BASE_DUGUP","Thunder","Mathark",9,5.00,11
13/11/2019 23:56:33,Selling,"Alder","MUD_DEFAULT_BASE_DUGUP","Fire",":#941e94:! Shabangbang !",105307,2000.00,1
13/11/2019 23:56:34,Buying,"Alder","MUD_DEFAULT_BASE_DUGUP","Tiggs","Tunnel Stop Shop [Alder]",14400,1.00,18
13/11/2019 23:56:34,Selling,"Alder","ASH_DEFAULT_BASE_DUGUP","Tiggs","Tunnel Stop Shop [Alder]",7200,1.00,18
13/11/2019 23:56:34,Selling,"Alder","ASH_DEFAULT_BASE_DUGUP","Thunder","Mathark",38,1.00,11
13/11/2019 23:56:34,Selling,"Alder","ASH_DEFAULT_BASE_DUGUP","PxR","Awesomevilletown",296,2.00,16
13/11/2019 23:56:34,Selling,"Alder","ASH_DEFAULT_BASE_DUGUP","HOO","Stardust",1458,3.00,2
13/11/2019 23:56:34,Selling,"Alder","ASH_DEFAULT_BASE_DUGUP","A.I","Lucy's Lane",6889,5.00,2
13/11/2019 23:56:34,Selling,"Alder","ASH_DEFAULT_BASE_DUGUP","Fire","Stocker Club",1308,5.00,6
13/11/2019 23:56:34,Selling,"Alder","ASH_DEFAULT_BASE_DUGUP","Fire",":#941e94:! Shabangbang !",54100,2000.00,1
13/11/2019 23:56:35,Buying,"Alder","ASH_DEFAULT_BASE_DUGUP","Tiggs","Tunnel Stop Shop [Alder]",14400,1.00,18
13/11/2019 23:56:36,Selling,"Alder","SPONGE_DEFAULT_BASE_DUGUP","PxR","Awesomevilletown",793,5.00,16
13/11/2019 23:56:37,Selling,"Alder","SOIL_SILTY_COMPACT","Fire",":#941e94:! Shabangbang !",555,2000.00,1
13/11/2019 23:56:38,Selling,"Alder","SOIL_CLAY_COMPACT","Fire",":#941e94:! Shabangbang !",2563,2000.00,1
13/11/2019 23:56:38,Selling,"Alder","WOOD_ANCIENT_REFINED","Thunder","Mathark",3,1.00,11
13/11/2019 23:56:38,Selling,"Alder","WOOD_ANCIENT_REFINED","Reaper","The  Tower of Power",50,5.00,10
13/11/2019 23:56:39,Selling,"Alder","WOOD_TWISTED_REFINED","Thunder","Mathark",116,1.00,11
13/11/2019 23:56:39,Selling,"Alder","WOOD_TWISTED_REFINED","HOO","Stardust",435,3.00,2
13/11/2019 23:56:39,Selling,"Alder","WOOD_TWISTED_REFINED","COOL","Downtown ",42,15.00,0
13/11/2019 23:56:40,Selling,"Alder","WOOD_LUSTROUS_REFINED","MisMon","Tiggerton",49,100.00,1
13/11/2019 23:56:41,Selling,"Alder","ROCK_METAMORPHIC_BASE_DUGUP","Reaper","Lucifers Exchange",300,0.00,3
13/11/2019 23:56:41,Selling,"Alder","ROCK_METAMORPHIC_BASE_DUGUP","Fire",":#black:Development",7800,0.50,21
13/11/2019 23:56:41,Selling,"Alder","ROCK_METAMORPHIC_BASE_DUGUP","BNMSH","Elysian Fields ",2224,0.50,23
13/11/2019 23:56:41,Selling,"Alder","ROCK_METAMORPHIC_BASE_DUGUP","Tiggs","Tunnel Stop Shop [Alder]",12920,1.00,18
13/11/2019 23:56:41,Selling,"Alder","ROCK_METAMORPHIC_BASE_DUGUP","PxR","Awesomevilletown",2825,1.00,16
13/11/2019 23:56:41,Selling,"Alder","ROCK_METAMORPHIC_BASE_DUGUP","HOO","Abracadabra",691,1.00,3
13/11/2019 23:56:41,Selling,"Alder","ROCK_METAMORPHIC_BASE_DUGUP","EGO",":#strongred:Lakeview Shop",4800,2.00,10
13/11/2019 23:56:41,Selling,"Alder","ROCK_METAMORPHIC_BASE_DUGUP","Squach","Triple Trouble ",20968,3.00,36
13/11/2019 23:56:41,Selling,"Alder","ROCK_METAMORPHIC_BASE_DUGUP","","Nutt wett Nation",641,5.00,0
13/11/2019 23:56:41,Selling,"Alder","ROCK_METAMORPHIC_BASE_DUGUP","Fire","Stocker Club",6915,555.00,6
13/11/2019 23:56:41,Selling,"Alder","ROCK_METAMORPHIC_BASE_DUGUP","Fire",":#941e94:! Shabangbang !",5058,1000.00,1
13/11/2019 23:56:42,Buying,"Alder","ROCK_METAMORPHIC_BASE_DUGUP","Tiggs","Tunnel Stop Shop [Alder]",14400,1.00,18
13/11/2019 23:56:42,Buying,"Alder","ROCK_METAMORPHIC_BASE_DUGUP","","Boogies Sell Station",14400,0.05,1
13/11/2019 23:56:42,Buying,"Alder","ROCK_METAMORPHIC_BASE_DUGUP","Fire","Fireborne Temple",14393,0.00,0
13/11/2019 23:56:43,Selling,"Alder","ROCK_IGNEOUS_BASE_DUGUP","Reaper","Lucifers Exchange",91,0.00,3
13/11/2019 23:56:43,Selling,"Alder","ROCK_IGNEOUS_BASE_DUGUP","BNMSH","Elysian Fields ",2450,0.50,23
13/11/2019 23:56:43,Selling,"Alder","ROCK_IGNEOUS_BASE_DUGUP","Fire",":#black:Development",533,0.50,21
13/11/2019 23:56:43,Selling,"Alder","ROCK_IGNEOUS_BASE_DUGUP","Tiggs","Tunnel Stop Shop [Alder]",14400,1.00,18
13/11/2019 23:56:43,Selling,"Alder","ROCK_IGNEOUS_BASE_DUGUP","PxR","Awesomevilletown",6796,1.00,16
13/11/2019 23:56:43,Selling,"Alder","ROCK_IGNEOUS_BASE_DUGUP","HOO","Abracadabra",3701,1.00,3
13/11/2019 23:56:43,Selling,"Alder","ROCK_IGNEOUS_BASE_DUGUP","","Kyoto Region",100,1.00,2
13/11/2019 23:56:43,Selling,"Alder","ROCK_IGNEOUS_BASE_DUGUP","Squach","Triple Trouble ",28000,3.00,36
13/11/2019 23:56:43,Selling,"Alder","ROCK_IGNEOUS_BASE_DUGUP","","Nutt wett Nation",2374,5.00,0
13/11/2019 23:56:43,Selling,"Alder","ROCK_IGNEOUS_BASE_DUGUP","Fire","Stocker Club",7,555.00,6
13/11/2019 23:56:43,Selling,"Alder","ROCK_IGNEOUS_BASE_DUGUP","Fire",":#941e94:! Shabangbang !",39617,2000.00,1
13/11/2019 23:56:43,Buying,"Alder","ROCK_IGNEOUS_BASE_DUGUP","Tiggs","Tunnel Stop Shop [Alder]",14400,1.00,18
13/11/2019 23:56:43,Buying,"Alder","ROCK_IGNEOUS_BASE_DUGUP","","Boogies Sell Station",11800,0.05,1
13/11/2019 23:56:43,Buying,"Alder","ROCK_IGNEOUS_BASE_DUGUP","Fire","Fireborne Temple",14393,0.00,0
13/11/2019 23:56:44,Selling,"Alder","ROCK_SEDIMENTARY_BASE_DUGUP","Reaper","Lucifers Exchange",200,0.00,3
13/11/2019 23:56:44,Selling,"Alder","ROCK_SEDIMENTARY_BASE_DUGUP","BNMSH","Elysian Fields ",1771,0.50,23
13/11/2019 23:56:44,Selling,"Alder","ROCK_SEDIMENTARY_BASE_DUGUP","Fire",":#black:Development",1457,0.50,21
13/11/2019 23:56:44,Selling,"Alder","ROCK_SEDIMENTARY_BASE_DUGUP","Tiggs","Tunnel Stop Shop [Alder]",14400,1.00,18
13/11/2019 23:56:44,Selling,"Alder","ROCK_SEDIMENTARY_BASE_DUGUP","PxR","Awesomevilletown",6193,1.00,16
13/11/2019 23:56:44,Selling,"Alder","ROCK_SEDIMENTARY_BASE_DUGUP","HOO","Abracadabra",3987,1.00,3
13/11/2019 23:56:44,Selling,"Alder","ROCK_SEDIMENTARY_BASE_DUGUP","","Kyoto Region",1100,1.00,2
13/11/2019 23:56:44,Selling,"Alder","ROCK_SEDIMENTARY_BASE_DUGUP","Squach","Triple Trouble ",23488,3.00,36
13/11/2019 23:56:44,Selling,"Alder","ROCK_SEDIMENTARY_BASE_DUGUP","","Nutt wett Nation",2644,5.00,0
13/11/2019 23:56:44,Selling,"Alder","ROCK_SEDIMENTARY_BASE_DUGUP","Fire",":#941e94:! Shabangbang !",3689,1000.00,1
13/11/2019 23:56:44,Selling,"Alder","ROCK_SEDIMENTARY_BASE_DUGUP","A.I","Sempi's Section",58420,100000000.00,0
13/11/2019 23:56:44,Buying,"Alder","ROCK_SEDIMENTARY_BASE_DUGUP","Tiggs","Tunnel Stop Shop [Alder]",14400,1.00,18
13/11/2019 23:56:44,Buying,"Alder","ROCK_SEDIMENTARY_BASE_DUGUP","","Boogies Sell Station",14400,0.05,1
13/11/2019 23:56:44,Buying,"Alder","ROCK_SEDIMENTARY_BASE_DUGUP","Fire","Fireborne Temple",14393,0.00,0
13/11/2019 23:56:45,Selling,"Alder","GRAVEL_DEFAULT_BASE_DUGUP","TJF","TJF FIREBORN BRANCH",5,0.50,2
13/11/2019 23:56:45,Selling,"Alder","GRAVEL_DEFAULT_BASE_DUGUP","Thunder","Mathark",394,1.00,11
13/11/2019 23:56:45,Selling,"Alder","GRAVEL_DEFAULT_BASE_DUGUP","PxR","Awesomevilletown",129,1.00,16
13/11/2019 23:56:45,Selling,"Alder","GRAVEL_DEFAULT_BASE_DUGUP","HOO","Stardust",1700,3.00,2
13/11/2019 23:56:45,Selling,"Alder","GRAVEL_DEFAULT_BASE_DUGUP","Fire","Platinum",12600,10.00,5
13/11/2019 23:56:45,Selling,"Alder","GRAVEL_DEFAULT_BASE_DUGUP","Fire",":#941e94:! Shabangbang !",6526,2000.00,1
13/11/2019 23:56:45,Selling,"Alder","GRAVEL_DEFAULT_BASE_DUGUP","Fire","Stocker Club",11824,5555.00,6
13/11/2019 23:56:46,Buying,"Alder","GRAVEL_DEFAULT_BASE_DUGUP","999","Pont alder",10000,3.00,6
13/11/2019 23:56:46,Buying,"Alder","GRAVEL_DEFAULT_BASE_DUGUP","Tiggs","Tunnel Stop Shop [Alder]",14400,1.00,18
13/11/2019 23:56:46,Selling,"Alder","ROCK_METAMORPHIC_STONES","","The Lonely Lodge",1600,1.00,2
13/11/2019 23:56:46,Selling,"Alder","ROCK_METAMORPHIC_STONES","Thunder","Mathark",196,1.00,11
13/11/2019 23:56:46,Selling,"Alder","ROCK_METAMORPHIC_STONES","Fire",":#black:Development",255315,2.00,21
13/11/2019 23:56:46,Selling,"Alder","ROCK_METAMORPHIC_STONES","HOO","Abracadabra",304,2.00,3
13/11/2019 23:56:46,Selling,"Alder","ROCK_METAMORPHIC_STONES","A.I","Lucy's Lane",12494,3.00,2
13/11/2019 23:56:46,Selling,"Alder","ROCK_METAMORPHIC_STONES","HOO","Orion",8470,3.00,0
13/11/2019 23:56:46,Selling,"Alder","ROCK_METAMORPHIC_STONES","","Nutt wett Nation",2502,5.00,0
13/11/2019 23:56:46,Selling,"Alder","ROCK_METAMORPHIC_STONES","Fire","Stocker Club",7241,555.00,6
13/11/2019 23:56:46,Selling,"Alder","ROCK_METAMORPHIC_STONES","Fire",":#941e94:! Shabangbang !",462871,1000.00,1
13/11/2019 23:56:47,Buying,"Alder","ROCK_METAMORPHIC_STONES","","Boogies Sell Station",14400,0.03,1
13/11/2019 23:56:47,Selling,"Alder","ROCK_IGNEOUS_STONES","MisMon","Tiggerton",16884,1.00,1
13/11/2019 23:56:47,Selling,"Alder","ROCK_IGNEOUS_STONES","Thunder","Mathark",431,1.00,11
13/11/2019 23:56:47,Selling,"Alder","ROCK_IGNEOUS_STONES","Fire",":#black:Development",291773,2.00,21
13/11/2019 23:56:47,Selling,"Alder","ROCK_IGNEOUS_STONES","HOO","Abracadabra",9908,2.00,3
13/11/2019 23:56:47,Selling,"Alder","ROCK_IGNEOUS_STONES","HOO","Orion",14550,3.00,0
13/11/2019 23:56:47,Selling,"Alder","ROCK_IGNEOUS_STONES","A.I","Lucy's Lane",11250,3.00,2
13/11/2019 23:56:47,Selling,"Alder","ROCK_IGNEOUS_STONES","","Nutt wett Nation",4495,5.00,0
13/11/2019 23:56:47,Selling,"Alder","ROCK_IGNEOUS_STONES","Fire",":#941e94:! Shabangbang !",213166,1000.00,1
13/11/2019 23:56:47,Selling,"Alder","ROCK_IGNEOUS_STONES","Fire","Stocker Club",1200,5555.00,6
13/11/2019 23:56:48,Buying,"Alder","ROCK_IGNEOUS_STONES","","Boogies Sell Station",14400,0.03,1
13/11/2019 23:56:49,Selling,"Alder","ROCK_SEDIMENTARY_STONES","Thunder","Mathark",976,1.00,11
13/11/2019 23:56:49,Selling,"Alder","ROCK_SEDIMENTARY_STONES","Fire",":#black:Development",277772,2.00,21
13/11/2019 23:56:49,Selling,"Alder","ROCK_SEDIMENTARY_STONES","HOO","Abracadabra",3084,2.00,3
13/11/2019 23:56:49,Selling,"Alder","ROCK_SEDIMENTARY_STONES","A.I","Lucy's Lane",13840,3.00,2
13/11/2019 23:56:49,Selling,"Alder","ROCK_SEDIMENTARY_STONES","HOO","Bobby Dazzlers Shop",3397,3.00,0
13/11/2019 23:56:49,Selling,"Alder","ROCK_SEDIMENTARY_STONES","HOO","Orion",1976,3.00,0
13/11/2019 23:56:49,Selling,"Alder","ROCK_SEDIMENTARY_STONES","","Nutt wett Nation",4530,5.00,0
13/11/2019 23:56:49,Selling,"Alder","ROCK_SEDIMENTARY_STONES","Tigg's","Nobel's Myth",3600,5.00,2
13/11/2019 23:56:49,Selling,"Alder","ROCK_SEDIMENTARY_STONES","Fire",":#941e94:! Shabangbang !",2400,222.00,1
13/11/2019 23:56:49,Selling,"Alder","ROCK_SEDIMENTARY_STONES","Fire","Stocker Club",11400,555.00,6
13/11/2019 23:56:50,Buying,"Alder","ROCK_SEDIMENTARY_STONES","","Boogies Sell Station",14400,0.03,1
13/11/2019 23:56:50,Selling,"Alder","ROCK_METAMORPHIC_REFINED","Squach","Sioui's Stead",733,0.50,9
13/11/2019 23:56:50,Selling,"Alder","ROCK_METAMORPHIC_REFINED","Squach","SasquatchVille",37631,1.00,32
13/11/2019 23:56:50,Selling,"Alder","ROCK_METAMORPHIC_REFINED","Thunder","Mathark",26393,1.00,11
13/11/2019 23:56:50,Selling,"Alder","ROCK_METAMORPHIC_REFINED","Fire",":#black:Development",169327,3.00,21
13/11/2019 23:56:50,Selling,"Alder","ROCK_METAMORPHIC_REFINED","Fire","Shopping District ",9900,3.00,0
13/11/2019 23:56:50,Selling,"Alder","ROCK_METAMORPHIC_REFINED","HOO","Abracadabra",5900,3.00,3
13/11/2019 23:56:50,Selling,"Alder","ROCK_METAMORPHIC_REFINED","","The Lonely Lodge",250,6.00,2
13/11/2019 23:56:50,Selling,"Alder","ROCK_METAMORPHIC_REFINED","Fire","Stocker Club",2957,555.00,6
13/11/2019 23:56:50,Selling,"Alder","ROCK_METAMORPHIC_REFINED","Fire",":#941e94:! Shabangbang !",32402,1000.00,1
13/11/2019 23:56:50,Selling,"Alder","ROCK_METAMORPHIC_REFINED","-FUN-","",6225,100000000.00,0
13/11/2019 23:56:51,Buying,"Alder","ROCK_METAMORPHIC_REFINED","","Boogies Sell Station",7780,0.20,1
13/11/2019 23:56:51,Selling,"Alder","ROCK_IGNEOUS_REFINED","Squach","Sioui's Stead",84833,1.00,9
13/11/2019 23:56:51,Selling,"Alder","ROCK_IGNEOUS_REFINED","Squach","SasquatchVille",38154,1.00,32
13/11/2019 23:56:51,Selling,"Alder","ROCK_IGNEOUS_REFINED","Thunder","Mathark",5921,1.00,11
13/11/2019 23:56:51,Selling,"Alder","ROCK_IGNEOUS_REFINED","TJF","TJF FIREBORN BRANCH",1110,1.00,2
13/11/2019 23:56:51,Selling,"Alder","ROCK_IGNEOUS_REFINED","Fire",":#black:Development",131668,3.00,21
13/11/2019 23:56:51,Selling,"Alder","ROCK_IGNEOUS_REFINED","HOO","Abracadabra",3453,3.00,3
13/11/2019 23:56:51,Selling,"Alder","ROCK_IGNEOUS_REFINED","HOO","Orion",2123,5.00,0
13/11/2019 23:56:51,Selling,"Alder","ROCK_IGNEOUS_REFINED","","The Lonely Lodge",550,6.00,2
13/11/2019 23:56:51,Selling,"Alder","ROCK_IGNEOUS_REFINED","Fire","Stocker Club",11881,555.00,6
13/11/2019 23:56:51,Selling,"Alder","ROCK_IGNEOUS_REFINED","Fire",":#941e94:! Shabangbang !",22384,1000.00,1
13/11/2019 23:56:52,Selling,"Alder","ROCK_SEDIMENTARY_REFINED","Squach","Sioui's Stead",7250,0.70,9
13/11/2019 23:56:52,Selling,"Alder","ROCK_SEDIMENTARY_REFINED","Squach","SasquatchVille",23916,1.00,32
13/11/2019 23:56:52,Selling,"Alder","ROCK_SEDIMENTARY_REFINED","Thunder","Mathark",16660,1.00,11
13/11/2019 23:56:52,Selling,"Alder","ROCK_SEDIMENTARY_REFINED","Fire",":#black:Development",206018,3.00,21
13/11/2019 23:56:52,Selling,"Alder","ROCK_SEDIMENTARY_REFINED","HOO","Abracadabra",3748,3.00,3
13/11/2019 23:56:52,Selling,"Alder","ROCK_SEDIMENTARY_REFINED","MisMon","Tiggerton",3517,5.00,1
13/11/2019 23:56:52,Selling,"Alder","ROCK_SEDIMENTARY_REFINED","","The Lonely Lodge",450,6.00,2
13/11/2019 23:56:52,Selling,"Alder","ROCK_SEDIMENTARY_REFINED","Fire","Stocker Club",8438,555.00,6
13/11/2019 23:56:52,Selling,"Alder","ROCK_SEDIMENTARY_REFINED","Fire",":#941e94:! Shabangbang !",13004,1000.00,1
13/11/2019 23:56:53,Buying,"Alder","ROCK_SEDIMENTARY_REFINED","","Boogies Sell Station",6730,0.20,1
13/11/2019 23:56:53,Selling,"Alder","SOIL_PEATY_ENRICHED","Fire","Stocker Club",19,100.00,6
13/11/2019 23:56:55,Selling,"Alder","GEM_AMETHYST_COMPACT","Fire","Stocker Club",48,55555.00,6
13/11/2019 23:56:58,Selling,"Alder","GEM_TOPAZ_COMPACT","Fire","Stocker Club",107,5555.00,6
13/11/2019 23:56:59,Selling,"Alder","GEM_RUBY_COMPACT","Fire","Stocker Club",51,55555.00,6
13/11/2019 23:57:01,Selling,"Alder","SPECIAL_RIFT_COMPACT","Fire","Stocker Club",7,55555.00,6
13/11/2019 23:57:03,Selling,"Alder","SPECIAL_RIFT_REFINED","Fire","Stocker Club",201,55555.00,6
13/11/2019 23:57:04,Selling,"Alder","SPECIAL_BLINK_REFINED","Fire","Stocker Club",156,55555.00,6
13/11/2019 23:57:05,Selling,"Alder","SPECIAL_DARKMATTER_REFINED","Fire","Stocker Club",53,55555.00,6
13/11/2019 23:57:06,Selling,"Alder","ICE_GLACIER_BASE_DUGUP","Thunder","Mathark",4,1.00,11
13/11/2019 23:57:06,Selling,"Alder","ICE_GLACIER_BASE_DUGUP","PxR","Awesomevilletown",84,5.00,16
13/11/2019 23:57:06,Selling,"Alder","ICE_GLACIER_BASE_DUGUP","Fire","Stocker Club",1148,555.00,6
13/11/2019 23:57:07,Selling,"Alder","CRYSTAL_GLEAM_DECORATIVE","Fire","Gleam Universe",5135,40.00,50
13/11/2019 23:57:07,Selling,"Alder","CRYSTAL_GLEAM_DECORATIVE","Thunder","Mathark",75,90.00,11
13/11/2019 23:57:07,Selling,"Alder","CRYSTAL_GLEAM_DECORATIVE","Fire",":#941e94:! Shabangbang !",77,22222220.00,1
13/11/2019 23:57:08,Buying,"Alder","CRYSTAL_GLEAM_DECORATIVE","Thunder","Mathark",36,15.00,11
13/11/2019 23:57:09,Selling,"Alder","WARP_CONDUIT_BASE","Thunder","Mathark",46,1.00,11
13/11/2019 23:57:09,Selling,"Alder","WARP_CONDUIT_BASE","","Base Camp",100,2.00,0
13/11/2019 23:57:09,Selling,"Alder","WARP_CONDUIT_BASE","","",51,1100.00,0
13/11/2019 23:57:09,Selling,"Alder","WARP_CONDUIT_BASE","Fire",":#941e94:! Shabangbang !",4494,2000.00,1
13/11/2019 23:57:10,Selling,"Alder","PORTAL_CONDUIT_BASE","Squach","SasquatchVille",100,150.00,32
13/11/2019 23:57:10,Selling,"Alder","PORTAL_CONDUIT_BASE","Fire",":#941e94:! Shabangbang !",207,2500.00,1
